Product Name,Prices,Category,Type,Image URL(s),Stock Quantity,Description,Product Buy Link,Size/Color Variants,Gender
USOXO Football Athletic Socks,₹799,Clothing,Socks,https://assets.ajio.com/medias/sys_master/root/20250509/Bfy2/681d7cfd55340d4b4f264ce6/usoxo_blue_football_athletic_socks.jpg,236,High-performance socks with ribbed construction for grip and all-day comfort.,https://www.ajio.com/usoxo-football-athletic-socks/p/701473021_blue,blue,Men
Oomph Men Stud Earring,₹2399,Clothing,Earrings,https://assets.ajio.com/medias/sys_master/root/20241219/KkPW/67640a360f47f80c870eeb50/oomph_silver_men_stud_earring.jpg,310,Elegant silver-plated earrings with refined finish — perfect for everyday wear.,https://www.ajio.com/oomph-men-stud-earring/p/700945500_silver,silver,Men
Hoodler Men Floral Print Regular Fit Polo T-Shirt,₹2199,Clothing,Tshirts,https://assets.ajio.com/medias/sys_master/root/20250127/GCfI/67971ee70431850e0dc8fcb3/hoodler_beige_men_floral_print_regular_fit_polo_t-shirt.jpg,186,Comfortable everyday tee with relaxed fit and soft breathable fabric — perfect for casual wear.,https://www.ajio.com/hoodler-men-floral-print-regular-fit-polo-t-shirt/p/701111647_beige,beige,Men
BHRM Men Linked Chain Bracelet,₹1999,Clothing,Bracelets & Kadas,https://assets.ajio.com/medias/sys_master/root/20231211/1H3Z/6576fde3afa4cf41f5c4131c/bhrm_silver-toned_men_linked_chain_bracelet.jpg,257,Stylish bracelet with sturdy clasp — adds edge to any casual or formal outfit.,https://www.ajio.com/bhrm-men-linked-chain-bracelet/p/466868808_silver,silver,Men
Somvati Men Regular Fit Shirt with Spread Collar,₹1699,Clothing,Shirts,https://assets.ajio.com/medias/sys_master/root/20250321/8UW8/67dd6bf355340d4b4f7f0ca2/somvati_black_men_regular_fit_shirt_with_spread_collar.jpg,166,Classic regular-fit shirt with clean collar — versatile for both office and casual outings.,https://www.ajio.com/somvati-men-regular-fit-shirt-with-spread-collar/p/701363564_black,black,Men
Hoodler Women Regular Fit Polo T-Shirt,₹2199,Clothing,Tshirts,https://assets.ajio.com/medias/sys_master/root/20250609/E2p3/684710047a6cd4182f944b21/hoodler_beige_women_regular_fit_polo_t-shirt.jpg,76,Comfortable everyday tee with relaxed fit and soft breathable fabric — perfect for casual wear.,https://www.ajio.com/hoodler-women-regular-fit-polo-t-shirt/p/701387070_beige,beige,Men
MISCHIEF MONKEY Men Spread-Collar Regular Fit Shirt,₹4099,Clothing,Shirts,https://assets.ajio.com/medias/sys_master/root/20240129/0vHZ/65b6b9658cdf1e0df5d2cdbe/mischief_monkey_cream_men_spread-collar_regular_fit_shirt.jpg,109,Classic regular-fit shirt with clean collar — versatile for both office and casual outings.,https://www.ajio.com/mischief-monkey-men-spread-collar-regular-fit-shirt/p/467014749_cream,cream,Men
Hoodler Men Striped Regular Fit Crew-Neck T-Shirt,₹2199,Clothing,Tshirts,https://assets.ajio.com/medias/sys_master/root/20250409/AMNF/67f5cc2b55340d4b4fbf20f2/hoodler_black_men_striped_regular_fit_crew-neck_t-shirt.jpg,356,Comfortable everyday tee with relaxed fit and soft breathable fabric — perfect for casual wear.,https://www.ajio.com/hoodler-men-striped-regular-fit-crew-neck-t-shirt/p/701431311_brown,brown,Men
USOXO Set of 6 Men Striped Ankle-Length Socks,₹899,Clothing,Socks,https://assets.ajio.com/medias/sys_master/root/20250327/w3zv/67e4805055340d4b4f8e63af/usoxo_multicoloured_set_of_6_men_striped_ankle-length_socks.jpg,240,High-performance socks with ribbed construction for grip and all-day comfort.,https://www.ajio.com/usoxo-set-of-6-men-striped-ankle-length-socks-/p/701381387_multi,multi,Men
Zevora Men Autolock Buckle Belt,₹1799,Clothing,Belts,https://assets.ajio.com/medias/sys_master/root/20250217/8eVV/67b325ac2960820c4988e20a/zevora_black_men_autolock_buckle_belt.jpg,174,Sleek belt with premium buckle finish — a must-have accessory for a polished look.,https://www.ajio.com/zevora-men-autolock-buckle-belt/p/701218754_black,black,Men
BHRM Men Beaded Bracelet,₹2299,Clothing,Bracelets & Kadas,https://assets.ajio.com/medias/sys_master/root/20231219/3Obd/6581c621afa4cf41f5dbc4de/bhrm_brown_men_beaded_bracelet.jpg,179,Stylish bracelet with sturdy clasp — adds edge to any casual or formal outfit.,https://www.ajio.com/bhrm-men-beaded-bracelet/p/466898341_brown,brown,Men
Hoodler Men Regular Fit Polo T-Shirt with Zipper,₹2199,Clothing,Tshirts,https://assets.ajio.com/medias/sys_master/root/20250612/REQB/684b01587a6cd4182fa3fe6a/hoodler_beige_men_regular_fit_polo_t-shirt_with_zipper.jpg,93,Comfortable everyday tee with relaxed fit and soft breathable fabric — perfect for casual wear.,https://www.ajio.com/hoodler-men-regular-fit-polo-t-shirt-with-zipper/p/701731537_beige,beige,Men
Hoodler Women Waffle-Knit Regular Fit Hooded T-Shirt,₹2299,Clothing,Tshirts,https://assets.ajio.com/medias/sys_master/root1/20250729/068x/6888b1ef3d468c61ab2eafcc/hoodler_grey_women_waffle-knit_regular_fit_hooded_t-shirt.jpg,87,Comfortable everyday tee with relaxed fit and soft breathable fabric — perfect for casual wear.,https://www.ajio.com/hoodler-women-waffle-knit-regular-fit-hooded-t-shirt/p/702037453_grey,grey,Men
Buda Jeans Co Men Striped Regular Fit Shirt,₹2199,Clothing,Shirts,https://assets.ajio.com/medias/sys_master/root1/20260306/Ka8C/69aac2ce4970ce6a6e268b83/buda_jeans_co_black_men_striped_regular_fit_shirt.jpg,263,Classic regular-fit shirt with clean collar — versatile for both office and casual outings.,https://www.ajio.com/buda-jeans-co-men-striped-regular-fit-shirt-/p/703120520_black,black,Men
Somvati Men Striped Regular Fit Shirt,₹1699,Clothing,Shirts,https://assets.ajio.com/medias/sys_master/root/20250325/96hC/67e2da747a6cd4182f801419/somvati_black_men_striped_regular_fit_shirt.jpg,252,Classic regular-fit shirt with clean collar — versatile for both office and casual outings.,https://www.ajio.com/somvati-men-striped-regular-fit-shirt/p/701375864_black,black,Men
Zevora Men Buckle Belt with Auto-Lock Closure,₹1799,Clothing,Belts,https://assets.ajio.com/medias/sys_master/root/20250219/2TaP/67b5089a2960820c4992a9c2/zevora_black_men_buckle_belt_with_auto-lock_closure.jpg,357,Sleek belt with premium buckle finish — a must-have accessory for a polished look.,https://www.ajio.com/zevora-men-buckle-belt-with-auto-lock-closure/p/701231378_black,black,Men
Zevora Men Buckle Belt with Auto-Lock Closure,₹1799,Clothing,Belts,https://assets.ajio.com/medias/sys_master/root/20250218/FVd5/67b4c6b52960820c49917f5d/zevora_black_men_buckle_belt_with_auto-lock_closure.jpg,166,Sleek belt with premium buckle finish — a must-have accessory for a polished look.,https://www.ajio.com/zevora-men-buckle-belt-with-auto-lock-closure/p/701231383_black,black,Men
BHRM Set of 2 Men Evil Eye Beaded Bracelet,₹1999,Clothing,Bracelets & Kadas,https://assets.ajio.com/medias/sys_master/root/20231219/terh/65819d20ddf7791519d99856/bhrm_multicolored_set_of_2_men_evil_eye_beaded_bracelet.jpg,217,Stylish bracelet with sturdy clasp — adds edge to any casual or formal outfit.,https://www.ajio.com/bhrm-set-of-2-men-evil-eye-beaded-bracelet/p/466898339_multi,multi,Men
Buda Jeans Co Men Striped Regular Fit Shirt,₹2199,Clothing,Shirts,https://assets.ajio.com/medias/sys_master/root1/20260306/jQtW/69aac6464970ce6a6e26dc29/buda_jeans_co_brown_men_striped_regular_fit_shirt.jpg,400,Classic regular-fit shirt with clean collar — versatile for both office and casual outings.,https://www.ajio.com/buda-jeans-co-men-striped-regular-fit-shirt-/p/703120526_brown,brown,Men
Buda Jeans Co Men Regular Fit Half-Sleeve Polo T-Shirt,₹2199,Clothing,Tshirts,https://assets.ajio.com/medias/sys_master/root1/20260306/IRet/69aab9dcaf321a7f92057dfb/buda_jeans_co_brown_men_regular_fit_half-sleeve_polo_t-shirt.jpg,232,Comfortable everyday tee with relaxed fit and soft breathable fabric — perfect for casual wear.,https://www.ajio.com/buda-jeans-co-men-regular-fit-half-sleeve-polo-t-shirt/p/703117736_brown,brown,Men
Hoodler Men Polo T-Shirt with Button Closure,₹2199,Clothing,Tshirts,https://assets.ajio.com/medias/sys_master/root/20241225/nbd5/676b5dc10f47f80c87203cc1/hoodler_yellow_men_polo_t-shirt_with_button_closure.jpg,299,Comfortable everyday tee with relaxed fit and soft breathable fabric — perfect for casual wear.,https://www.ajio.com/hoodler-men-polo-t-shirt-with-button-closure-/p/700976838_yellow,yellow,Men
BHRM Men Metal Chain with Pendant,₹1899,Clothing,Chains,https://assets.ajio.com/medias/sys_master/root/20240103/m2GK/65947187ddf7791519fd8ee6/bhrm_black_men_metal_chain_with_pendant.jpg,193,Lightweight plated chain with smooth clasp closure — ideal for daily wear.,https://www.ajio.com/bhrm-men-metal-chain-with-pendant/p/466935414_black,black,Men
AAITHAN Men Polka-dot Regular Fit Polo T-shirt,₹1699,Clothing,Tshirts,https://assets.ajio.com/medias/sys_master/root/20241002/oMQy/66fc521e260f9c41e84bf080/aaithan_olive_men_polka-dot_regular_fit_polo_t-shirt.jpg,31,Comfortable everyday tee with relaxed fit and soft breathable fabric — perfect for casual wear.,https://www.ajio.com/aaithan-men-polka-dot-regular-fit-polo-t-shirt/p/700523531_olive,olive,Men
Buda Jeans Co Men Regular Fit Half-Sleeve Polo T-Shirt,₹2199,Clothing,Tshirts,https://assets.ajio.com/medias/sys_master/root1/20260306/gchJ/69aabcd44970ce6a6e25c672/buda_jeans_co_cream_men_regular_fit_half-sleeve_polo_t-shirt.jpg,241,Comfortable everyday tee with relaxed fit and soft breathable fabric — perfect for casual wear.,https://www.ajio.com/buda-jeans-co-men-regular-fit-half-sleeve-polo-t-shirt/p/703118193_cream,cream,Men
Fabula Men Set of 2 Silver-Plated American Dimond-Studded Stud Earrings,₹2499,Clothing,Earrings,https://assets.ajio.com/medias/sys_master/root/20240713/9dIa/6691b5911d763220fa77d2b5/fabula_silver_men_set_of_2_silver-plated_american_dimond-studded_stud_earrings.jpg,368,Elegant silver-plated earrings with refined finish — perfect for everyday wear.,https://www.ajio.com/fabula-men-set-of-2-silver-plated-american-dimond-studded-stud-earrings/p/700188367_silver,silver,Men
Hoodler Women Waffle-Knit Regular Fit Henley T-Shirt,₹2299,Clothing,Tshirts,https://assets.ajio.com/medias/sys_master/root1/20250729/zEvP/6888ac123d468c61ab2de584/hoodler_maroon_women_waffle-knit_regular_fit_henley_t-shirt.jpg,175,Comfortable everyday tee with relaxed fit and soft breathable fabric — perfect for casual wear.,https://www.ajio.com/hoodler-women-waffle-knit-regular-fit-henley-t-shirt/p/702037437_maroon,maroon,Men
Hoodler Women Regular Fit T-Shirt with Mandarin Collar,₹2299,Clothing,Tshirts,https://assets.ajio.com/medias/sys_master/root1/20250729/hzzu/6888b3503d468c61ab2ede86/hoodler_pink_women_regular_fit_t-shirt_with_mandarin_collar.jpg,326,Comfortable everyday tee with relaxed fit and soft breathable fabric — perfect for casual wear.,https://www.ajio.com/hoodler-women-regular-fit-t-shirt-with-mandarin-collar/p/702037437_pink,pink,Men
Hoodler Men T-shirt with Crew Neck,₹2199,Clothing,Tshirts,https://assets.ajio.com/medias/sys_master/root/20241225/WTDU/676bc8d2c148fa1b305eda7a/hoodler_purple_men_t-shirt_with_crew_neck.jpg,161,Comfortable everyday tee with relaxed fit and soft breathable fabric — perfect for casual wear.,https://www.ajio.com/hoodler-men-t-shirt-with-crew-neck-/p/700977815_purple,purple,Men
Urban Hug Printed Joggers with Insert Pocket,₹5799,Clothing,Pyjamas,https://assets.ajio.com/medias/sys_master/root/20211130/UdkB/61a521e3f997ddf8f12492d8/urban_hug_navy_printed_joggers_with_insert_pocket.jpg,278,Soft and comfortable pyjamas for a restful night — perfect loungewear.,https://www.ajio.com/urban-hug-printed-joggers-with-insert-pocket/p/469011107_multi,multi,Men
VALLEY OF JEWELLERY (VOJ) Chain For Men,₹2799,Clothing,Chains,https://assets.ajio.com/medias/sys_master/root/20241218/zlcw/6762b926c148fa1b30484a6e/valley_of_jewellery_%28voj%29_gold_chain_for_men.jpg,390,Lightweight plated chain with smooth clasp closure — ideal for daily wear.,https://www.ajio.com/valley-of-jewellery-voj-chain-for-men-/p/700940980_gold,gold,Men
Hoodler Women Regular Fit Polo T-Shirt,₹2199,Clothing,Tshirts,https://assets.ajio.com/medias/sys_master/root/20250609/Qf5M/6847101a55340d4b4f967423/hoodler_grey_women_regular_fit_polo_t-shirt.jpg,117,Comfortable everyday tee with relaxed fit and soft breathable fabric — perfect for casual wear.,https://www.ajio.com/hoodler-women-regular-fit-polo-t-shirt/p/701387070_grey,grey,Men
Fabula Stone-Studded Stud Earrings,₹1799,Clothing,Earrings,https://assets.ajio.com/medias/sys_master/root/20231006/UE2J/651fa8a9afa4cf41f52d11cc/fabula_white_stone-studded_stud_earrings.jpg,159,Elegant silver-plated earrings with refined finish — perfect for everyday wear.,https://www.ajio.com/fabula-stone-studded-stud-earrings/p/465729491_white,white,Men
USOXO Football Athletic Socks,₹799,Clothing,Socks,https://assets.ajio.com/medias/sys_master/root/20250509/DVS8/681d7cf955340d4b4f264c85/usoxo_red_football_athletic_socks.jpg,335,High-performance socks with ribbed construction for grip and all-day comfort.,https://www.ajio.com/usoxo-football-athletic-socks/p/701473002_red,red,Men
Fabula Men Link Chain with Dumbbell Pendant,₹2299,Clothing,Chains,https://assets.ajio.com/medias/sys_master/root1/20250818/9bTV/68a338278bfb9009ac8d4797/fabula_silver-toned_men_link_chain_with_dumbbell_pendant.jpg,261,Lightweight plated chain with smooth clasp closure — ideal for daily wear.,https://www.ajio.com/fabula-men-link-chain-with-dumbbell-pendant/p/702127690_silver,silver,Men
Oomph Men Leather Bracelet,₹2899,Clothing,Bracelets & Kadas,https://assets.ajio.com/medias/sys_master/root1/20250716/22OV/6876e44b5d4cb41380125d16/oomph_black_men_leather_bracelet.jpg,306,Stylish bracelet with sturdy clasp — adds edge to any casual or formal outfit.,https://www.ajio.com/oomph-men-leather-bracelet/p/701954101_black,black,Men
Hoodler Women Regular Fit Hooded T-Shirt,₹2299,Clothing,Tshirts,https://assets.ajio.com/medias/sys_master/root1/20250729/OPNi/6888ad503d468c61ab2e1374/hoodler_maroon_women_regular_fit_hooded_t-shirt.jpg,156,Comfortable everyday tee with relaxed fit and soft breathable fabric — perfect for casual wear.,https://www.ajio.com/hoodler-women-regular-fit-hooded-t-shirt-/p/702037453_maroon,maroon,Men
Bold by Priyaasi Brown Leather Bracelet,₹1899,Clothing,Bracelets & Kadas,https://assets.ajio.com/medias/sys_master/root/20240502/Fyly/6633847d05ac7d77bb38c625/bold_by_priyaasi_black_brown_leather_bracelet.jpg,236,Stylish bracelet with sturdy clasp — adds edge to any casual or formal outfit.,https://www.ajio.com/bold-by-priyaasi-brown-leather-bracelet/p/466905285_black,black,Men
Fabula Men Set of 2 Silver-Plated Stud Earrings,₹2499,Clothing,Earrings,https://assets.ajio.com/medias/sys_master/root1/20250805/gT1m/6892014f8bfb9009ac640d90/fabula_silver-toned_men_set_of_2_silver-plated_stud_earrings.jpg,217,Elegant silver-plated earrings with refined finish — perfect for everyday wear.,https://www.ajio.com/fabula-men-set-of-2-silver-plated-stud-earrings/p/702070988_silver,silver,Men
KLOTTHE Men Checked Regular Fit Shirt with Patch Pocket,₹1799,Clothing,Shirts,https://assets.ajio.com/medias/sys_master/root/20240510/lZJa/663d4f1c16fd2c6e6af99933/klotthe_blue_men_checked_regular_fit_shirt_with_patch_pocket.jpg,392,Classic regular-fit shirt with clean collar — versatile for both office and casual outings.,https://www.ajio.com/klotthe-men-checked-regular-fit-shirt-with-patch-pocket/p/467320373_blue,blue,Men
Vien Men Silver-Plated Chain with Clasp-Closure,₹1299,Clothing,Chains,https://assets.ajio.com/medias/sys_master/root/20240604/KXjb/665ef0c005ac7d77bb9b72ae/vien_silver-toned_men_silver-plated_chain_with_clasp-closure.jpg,255,Lightweight plated chain with smooth clasp closure — ideal for daily wear.,https://www.ajio.com/vien-men-silver-plated-chain-with-clasp-closure/p/700042125_silver,silver,Men
Urban Hug Pack of 2 Printed Pyjamas with Insert Pockets,₹9999,Clothing,Pyjamas,https://assets.ajio.com/medias/sys_master/root/20211204/2wBL/61aa7c13f997ddf8f1377bab/urban_hug_black_%26_blue_pack_of_2_printed_pyjamas_with_insert_pockets.jpg,263,Soft and comfortable pyjamas for a restful night — perfect loungewear.,https://www.ajio.com/urban-hug-pack-of-2-printed-pyjamas-with-insert-pockets/p/460963016_multi,multi,Men
Zevora Men Autolock Buckle Belt,₹1799,Clothing,Belts,https://assets.ajio.com/medias/sys_master/root/20250217/opoW/67b302a259f8353980d18ae0/zevora_black_men_autolock_buckle_belt.jpg,340,Sleek belt with premium buckle finish — a must-have accessory for a polished look.,https://www.ajio.com/zevora-men-autolock-buckle-belt/p/701218744_black,black,Men
MISCHIEF MONKEY Men Spread-Collar Regular Fit Shirt,₹4099,Clothing,Shirts,https://assets.ajio.com/medias/sys_master/root/20240129/eZwo/65b6b98d16fd2c6e6ac42459/mischief_monkey_maroon_men_spread-collar_regular_fit_shirt.jpg,393,Classic regular-fit shirt with clean collar — versatile for both office and casual outings.,https://www.ajio.com/mischief-monkey-men-spread-collar-regular-fit-shirt/p/467014747_maroon,maroon,Men
MISCHIEF MONKEY Solid Regular Fit Shirt,₹4099,Clothing,Shirts,https://assets.ajio.com/medias/sys_master/root/20240129/Sdg9/65b729938cdf1e0df5d5147d/mischief_monkey_grey_solid_regular_fit_shirt.jpg,237,Classic regular-fit shirt with clean collar — versatile for both office and casual outings.,https://www.ajio.com/mischief-monkey-solid-regular-fit-shirt/p/467017691_grey,grey,Men
MISCHIEF MONKEY Men Spread-Collar Regular Fit Shirt,₹4099,Clothing,Shirts,https://assets.ajio.com/medias/sys_master/root/20240129/tbtB/65b6b9c38cdf1e0df5d2d239/mischief_monkey_green_men_spread-collar_regular_fit_shirt.jpg,222,Classic regular-fit shirt with clean collar — versatile for both office and casual outings.,https://www.ajio.com/mischief-monkey-men-spread-collar-regular-fit-shirt/p/467014743_green,green,Men
KLOTTHE Men Printed Regular Fit Nehru Jacket,₹4599,Clothing,Ethnic Jackets,https://assets.ajio.com/medias/sys_master/root/20240530/IvzN/6657aba616fd2c6e6a3c7344/klotthe_black_men_printed_regular_fit_nehru_jacket.jpg,306,Stylish jacket with modern cut — adds an instant edge to any outfit.,https://www.ajio.com/klotthe-men-printed-regular-fit-nehru-jacket/p/700023777_black,black,Men
BEACH CURVE Men Ribbed Socks,₹599,Clothing,Socks,https://assets.ajio.com/medias/sys_master/root1/20251203/6dKS/692f4c928945db77cf07e3ed/beach_curve_pink_men_ribbed_socks.jpg,316,High-performance socks with ribbed construction for grip and all-day comfort.,https://www.ajio.com/beach-curve-men-ribbed-socks/p/702579224_pink,pink,Men
VALLEY OF JEWELLERY (VOJ) Men Gold-Plated Chain,₹2799,Clothing,Chains,https://assets.ajio.com/medias/sys_master/root/20241213/Y5wF/675c55ddc148fa1b30389db4/valley_of_jewellery_%28voj%29_gold_men_gold-plated_chain.jpg,233,Lightweight plated chain with smooth clasp closure — ideal for daily wear.,https://www.ajio.com/valley-of-jewellery-voj-men-gold-plated-chain/p/700921714_gold,gold,Men
TREX Men Analogue Watch,₹3199,Clothing,Watches,https://assets.ajio.com/medias/sys_master/root/20250122/EOHJ/67910e640431850e0db78892/trex_green_men_analogue_watch.jpg,219,Elegant timepiece with precision movement — a stylish companion for every occasion.,https://www.ajio.com/trex-men-analogue-watch/p/701087831_grey,grey,Men
Hoodler Women Regular Fit Hooded T-Shirt,₹2299,Clothing,Tshirts,https://assets.ajio.com/medias/sys_master/root1/20250729/IlDY/6888b1213d468c61ab2e9560/hoodler_pink_women_regular_fit_hooded_t-shirt.jpg,162,Comfortable everyday tee with relaxed fit and soft breathable fabric — perfect for casual wear.,https://www.ajio.com/hoodler-women-regular-fit-hooded-t-shirt-/p/702037453_pink,pink,Men
BHRM Men Rudraksh Chain with Trishul Pendant,₹1899,Clothing,Chains,https://assets.ajio.com/medias/sys_master/root/20240102/EitG/6593ed93ddf7791519fbeb5e/bhrm_gold-toned_men_rudraksh_chain_with_trishul_pendant.jpg,289,Lightweight plated chain with smooth clasp closure — ideal for daily wear.,https://www.ajio.com/bhrm-men-rudraksh-chain-with-trishul-pendant/p/466938241_gold,gold,Men
Oomph Silver-Plated Studded Studs,₹2499,Clothing,Earrings,https://assets.ajio.com/medias/sys_master/root1/20250724/1V9v/6881bec03d468c61ab1c2b8e/oomph_black_silver-plated_studded_studs.jpg,269,Elegant silver-plated earrings with refined finish — perfect for everyday wear.,https://www.ajio.com/oomph-silver-plated-studded-studs/p/463932355_black,black,Men
Fabula Men Set of 2 Silver-Plated Stud Earrings,₹2599,Clothing,Earrings,https://assets.ajio.com/medias/sys_master/root1/20250805/PXwQ/6891f7033d468c61ab4bd404/fabula_silver-toned_men_set_of_2_silver-plated_stud_earrings.jpg,162,Elegant silver-plated earrings with refined finish — perfect for everyday wear.,https://www.ajio.com/fabula-men-set-of-2-silver-plated-stud-earrings/p/702070742_silver,silver,Men
BHRM Men Gold-Plated Rudraksh-Beaded Chain with Pendant,₹1899,Clothing,Chains,https://assets.ajio.com/medias/sys_master/root/20240102/l8CR/6593d002afa4cf41f5f9efda/bhrm_gold-toned_men_gold-plated_rudraksh-beaded_chain_with_pendant.jpg,322,Lightweight plated chain with smooth clasp closure — ideal for daily wear.,https://www.ajio.com/bhrm-men-gold-plated-rudraksh-beaded-chain-with-pendant/p/466935217_gold,gold,Men
Hoodler Men Printed Regular Fit Polo T-Shirt,₹2199,Clothing,Tshirts,https://assets.ajio.com/medias/sys_master/root/20250127/ClDT/6796b9040431850e0dc76673/hoodler_grey_men_printed_regular_fit_polo_t-shirt.jpg,181,Comfortable everyday tee with relaxed fit and soft breathable fabric — perfect for casual wear.,https://www.ajio.com/hoodler-men-printed-regular-fit-polo-t-shirt/p/701111665_grey,grey,Men
Fabula EYC15-Stone-Studded Stud Earrings,₹2399,Clothing,Earrings,https://assets.ajio.com/medias/sys_master/root/20230628/iFxb/649b8a3fa9b42d15c9021529/fabula_silver-toned_eyc15-stone-studded_stud_earrings.jpg,176,Elegant silver-plated earrings with refined finish — perfect for everyday wear.,https://www.ajio.com/fabula-eyc15-stone-studded-stud-earrings/p/465734463_silver,silver,Men
Zevora Belt with Tang Buckle Closure,₹1799,Clothing,Belts,https://assets.ajio.com/medias/sys_master/root/20240624/L6ci/66799d166f60443f3194e607/zevora_black_belt_with_tang_buckle_closure.jpg,171,Sleek belt with premium buckle finish — a must-have accessory for a polished look.,https://www.ajio.com/zevora-belt-with-tang-buckle-closure-/p/700123027_black,black,Men
Oomph Silver-Plated Trident Chain,₹2499,Clothing,Chains,https://assets.ajio.com/medias/sys_master/root/20230918/eR91/65082c92afa4cf41f5ecd855/oomph_silver-toned_silver-plated_trident_chain.jpg,186,Lightweight plated chain with smooth clasp closure — ideal for daily wear.,https://www.ajio.com/oomph-silver-plated-trident-chain/p/466589209_silver,silver,Men
BHRM Men Chain with Cross Pendant,₹1899,Clothing,Chains,https://assets.ajio.com/medias/sys_master/root/20240103/97Da/65948e1aafa4cf41f5fe3bcf/bhrm_silver-toned_men_chain_with_cross_pendant.jpg,164,Lightweight plated chain with smooth clasp closure — ideal for daily wear.,https://www.ajio.com/bhrm-men-chain-with-cross-pendant/p/466937510_silver,silver,Men
BHRM Men Stainless Steel Kada,₹2599,Clothing,Bracelets & Kadas,https://assets.ajio.com/medias/sys_master/root/20240128/6YbR/65b5abde16fd2c6e6ac3cb86/bhrm_black_men_stainless_steel_kada.jpg,317,Stylish bracelet with sturdy clasp — adds edge to any casual or formal outfit.,https://www.ajio.com/bhrm-men-stainless-steel-kada/p/466898540_black,black,Men
BHRM Men Beaded Bracelet,₹2199,Clothing,Bracelets & Kadas,https://assets.ajio.com/medias/sys_master/root/20231219/Zy8Z/65819ba5afa4cf41f5daa4b6/bhrm_multicolored_men_beaded_bracelet.jpg,328,Stylish bracelet with sturdy clasp — adds edge to any casual or formal outfit.,https://www.ajio.com/bhrm-men-beaded-bracelet/p/466898323_multi,multi,Men
BHRM Men Chain with Dumbbell Pendant,₹1899,Clothing,Chains,https://assets.ajio.com/medias/sys_master/root/20240102/7vSR/659414b4afa4cf41f5fcff44/bhrm_silver-toned_men_chain_with_dumbbell_pendant.jpg,225,Lightweight plated chain with smooth clasp closure — ideal for daily wear.,https://www.ajio.com/bhrm-men-chain-with-dumbbell-pendant-/p/466939733_silver,silver,Men
BHRM Men Silver-Plated Chain with Pendant,₹1899,Clothing,Chains,https://assets.ajio.com/medias/sys_master/root/20240102/LJcB/6593d93aafa4cf41f5faea2b/bhrm_black_men_silver-plated_chain_with_pendant.jpg,159,Lightweight plated chain with smooth clasp closure — ideal for daily wear.,https://www.ajio.com/bhrm-men-silver-plated-chain-with-pendant/p/466935408_black,black,Men
BHRM Men Silver-Plated Chain with Pendant,₹1899,Clothing,Chains,https://assets.ajio.com/medias/sys_master/root/20240102/7jvg/6593d29aafa4cf41f5fa3d4e/bhrm_pink_men_silver-plated_chain_with_pendant.jpg,346,Lightweight plated chain with smooth clasp closure — ideal for daily wear.,https://www.ajio.com/bhrm-men-silver-plated-chain-with-pendant/p/466935245_pink,pink,Men
Hoodler Men Printed Regular Fit Polo T-Shirt,₹2199,Clothing,Tshirts,https://assets.ajio.com/medias/sys_master/root/20250127/5Rlc/6796a6ed0431850e0dc6b80e/hoodler_navy_blue_men_printed_regular_fit_polo_t-shirt.jpg,260,Comfortable everyday tee with relaxed fit and soft breathable fabric — perfect for casual wear.,https://www.ajio.com/hoodler-men-printed-regular-fit-polo-t-shirt/p/701111640_navy,navy,Men
Oomph Chain,₹2199,Clothing,Chains,https://assets.ajio.com/medias/sys_master/root/20241020/LFT2/671509af260f9c41e88a5089/oomph_gold_chain.jpg,210,Lightweight plated chain with smooth clasp closure — ideal for daily wear.,https://www.ajio.com/oomph-chain/p/700608212_gold,gold,Men
Hoodler Men Graphic Print T-Shirt,₹2199,Clothing,Tshirts,https://assets.ajio.com/medias/sys_master/root/20241224/rl5i/676ad31a0f47f80c871fce64/hoodler_black_men_graphic_print_t-shirt.jpg,207,Comfortable everyday tee with relaxed fit and soft breathable fabric — perfect for casual wear.,https://www.ajio.com/hoodler-men-graphic-print-t-shirt/p/700976538_black,black,Men
Hoodler Men T-Shirt with Round Neck,₹2199,Clothing,Tshirts,https://assets.ajio.com/medias/sys_master/root/20241225/ekCM/676b89100f47f80c872051ca/hoodler_navy_men_t-shirt_with_round_neck.jpg,366,Comfortable everyday tee with relaxed fit and soft breathable fabric — perfect for casual wear.,https://www.ajio.com/hoodler-men-t-shirt-with-round-neck/p/700976613_navy,navy,Men
URGEAR Regular Fit Checked Crew-Neck T-Shirt,₹3499,Clothing,Tshirts,https://assets.ajio.com/medias/sys_master/root/20230602/AqpC/64795fbf42f9e729d7124a30/urgear_brown_regular_fit_checked_crew-neck_t-shirt.jpg,209,Comfortable everyday tee with relaxed fit and soft breathable fabric — perfect for casual wear.,https://www.ajio.com/urgear-regular-fit-checked-crew-neck-t-shirt/p/462272387_brown,brown,Men
Oomph Men Chain with Biker Punk Skull Pendant,₹2199,Clothing,Chains,https://assets.ajio.com/medias/sys_master/root/20240711/pn44/668fbe531d763220fa5ac71a/oomph_silver_men_chain_with_biker_punk_skull_pendant.jpg,386,Lightweight plated chain with smooth clasp closure — ideal for daily wear.,https://www.ajio.com/oomph-men-chain-with-biker-punk-skull-pendant/p/700182930_silver,silver,Men
BHRM Men Silver-Plated Chain with Pendant,₹1899,Clothing,Chains,https://assets.ajio.com/medias/sys_master/root/20240102/Dr0j/6593d175afa4cf41f5fa1f66/bhrm_silver-toned_men_silver-plated_chain_with_pendant.jpg,225,Lightweight plated chain with smooth clasp closure — ideal for daily wear.,https://www.ajio.com/bhrm-men-silver-plated-chain-with-pendant/p/466935220_silver,silver,Men
Zevora Men Buckle Belt with Auto-Lock Closure,₹1799,Clothing,Belts,https://assets.ajio.com/medias/sys_master/root/20250219/CKW5/67b5086059f8353980dd007d/zevora_black_men_buckle_belt_with_auto-lock_closure.jpg,376,Sleek belt with premium buckle finish — a must-have accessory for a polished look.,https://www.ajio.com/zevora-men-buckle-belt-with-auto-lock-closure/p/701231381_black,black,Men
BEACH CURVE Men Ribbed Socks,₹599,Clothing,Socks,https://assets.ajio.com/medias/sys_master/root1/20251203/poIe/692f4ca48945db77cf07e652/beach_curve_black_men_ribbed_socks.jpg,204,High-performance socks with ribbed construction for grip and all-day comfort.,https://www.ajio.com/beach-curve-men-ribbed-socks/p/702579207_black,black,Men
Star Word Men Regular Fit Trunks with Elasticated Waist,₹1199,Clothing,Trunks,https://assets.ajio.com/medias/sys_master/root1/20250818/zMKo/68a32a2d3d468c61ab755527/star_word_multicoloured_men_regular_fit_trunks_with_elasticated_waist.jpg,278,Comfortable regular-fit trunks in soft breathable fabric for all-day wear.,https://www.ajio.com/star-word-men-regular-fit-trunks-with-elasticated-waist/p/702123179_multi,multi,Men
Yellow Chimes Powerful Sun Sign Stainless Steel Pendant with Chain,₹2399,Clothing,Chains,https://assets.ajio.com/medias/sys_master/root/20231031/GJ4l/6540ee42ddf779151964f6f9/yellow_chimes_silver-toned_powerful_sun_sign_stainless_steel_pendant_with_chain.jpg,329,Lightweight plated chain with smooth clasp closure — ideal for daily wear.,https://www.ajio.com/yellow-chimes-powerful-sun-sign-stainless-steel-pendant-with-chain/p/6005719660_multi,multi,Men
Fabula ESN32EIS3_AJR10 Set of 2 Stone-Studded Stud Earrings,₹2599,Clothing,Earrings,https://assets.ajio.com/medias/sys_master/root/20230321/Sz8w/641912baaeb26924e3db5632/fabula_gold-toned_esn32eis3_ajr10_set_of_2_stone-studded_stud_earrings.jpg,163,Elegant silver-plated earrings with refined finish — perfect for everyday wear.,https://www.ajio.com/fabula-esn32eis3-ajr10-set-of-2-stone-studded-stud-earrings/p/465718468_multi,multi,Men
Fabula EIS3-Stone-Studded Stud Earrings,₹2399,Clothing,Earrings,https://assets.ajio.com/medias/sys_master/root/20230628/iAJD/649bb140eebac147fc1d22cd/fabula_gold-toned_eis3-stone-studded_stud_earrings.jpg,201,Elegant silver-plated earrings with refined finish — perfect for everyday wear.,https://www.ajio.com/fabula-eis3-stone-studded-stud-earrings/p/465717530_gold,gold,Men
SAZARA Men Classic Belt,₹1799,Clothing,Belts,https://assets.ajio.com/medias/sys_master/root/20240620/HYiX/667403436f60443f315afb27/sazara_black_men_classic_belt.jpg,85,Sleek belt with premium buckle finish — a must-have accessory for a polished look.,https://www.ajio.com/sazara-men-classic-belt/p/700107989_black,black,Men
Oomph EFQ12-Batman Shaped Stud Earrings,₹1899,Clothing,Earrings,https://assets.ajio.com/medias/sys_master/root/20230720/32dK/64b88c0beebac147fc7bec4e/oomph_black_efq12-batman_shaped_stud_earrings.jpg,297,Elegant silver-plated earrings with refined finish — perfect for everyday wear.,https://www.ajio.com/oomph-efq12-batman-shaped-stud-earrings/p/466372015_black,black,Men
NVR Stainless Steel Chain Link Kada Bracelet,₹2799,Clothing,Bracelets & Kadas,https://assets.ajio.com/medias/sys_master/root/20240705/P5gA/668745d71d763220faeb9792/nvr_silver_stainless_steel_chain_link_kada_bracelet.jpg,355,Stylish bracelet with sturdy clasp — adds edge to any casual or formal outfit.,https://www.ajio.com/nvr-stainless-steel-chain-link-kada-bracelet/p/700163129_silver,silver,Men
Oomph Women Wooden Buddha Meditation 108 Prayer Beads Bracelet,₹2199,Clothing,Bracelets & Kadas,https://assets.ajio.com/medias/sys_master/root/20241014/UPmO/670ce8f7260f9c41e875c61b/oomph_maroon_women_wooden_buddha_meditation_108_prayer_beads_bracelet.jpg,221,Stylish bracelet with sturdy clasp — adds edge to any casual or formal outfit.,https://www.ajio.com/oomph-women-wooden-buddha-meditation-108-prayer-beads-bracelet/p/700180505_maroon,maroon,Men
BHRM Men Silver-Plated Chain with Pendant,₹1899,Clothing,Chains,https://assets.ajio.com/medias/sys_master/root/20240102/qatW/6593d247afa4cf41f5fa35ec/bhrm_blue_men_silver-plated_chain_with_pendant.jpg,151,Lightweight plated chain with smooth clasp closure — ideal for daily wear.,https://www.ajio.com/bhrm-men-silver-plated-chain-with-pendant/p/466935228_blue,blue,Men
BHRM Men Gold-Plated Bracelet,₹2299,Clothing,Bracelets & Kadas,https://assets.ajio.com/medias/sys_master/root/20231219/YMpu/6581c5e1ddf7791519dab3c6/bhrm_brown_men_gold-plated_bracelet.jpg,232,Stylish bracelet with sturdy clasp — adds edge to any casual or formal outfit.,https://www.ajio.com/bhrm-men-gold-plated-bracelet/p/466898333_brown,brown,Men
Oomph Beads Handmade Fashion  Bracelet,₹2099,Clothing,Bracelets & Kadas,https://assets.ajio.com/medias/sys_master/root/20230727/NwPM/64c253bdeebac147fc8cf9a9/oomph_black__beads_handmade_fashion__bracelet.jpg,291,Stylish bracelet with sturdy clasp — adds edge to any casual or formal outfit.,https://www.ajio.com/oomph--beads-handmade-fashion-bracelet/p/463556646_black,black,Men
BHRM Men Evil Eye Beaded Bracelet,₹1599,Clothing,Bracelets & Kadas,https://assets.ajio.com/medias/sys_master/root/20231219/Av92/65819b53ddf7791519d95e65/bhrm_black_men_evil_eye_beaded_bracelet.jpg,224,Stylish bracelet with sturdy clasp — adds edge to any casual or formal outfit.,https://www.ajio.com/bhrm-men-evil-eye-beaded-bracelet/p/466898661_black,black,Men
BHRM Men Couple Chain,₹1899,Clothing,Chains,https://assets.ajio.com/medias/sys_master/root/20240102/iAkN/659414c8afa4cf41f5fd0191/bhrm_silver-toned_men_couple_chain.jpg,165,Lightweight plated chain with smooth clasp closure — ideal for daily wear.,https://www.ajio.com/bhrm-men-couple-chain-/p/466939558_silver,silver,Men
BHRM Men Woven Wristband,₹2399,Clothing,Bracelets & Kadas,https://assets.ajio.com/medias/sys_master/root/20231211/OPSD/6576fad3afa4cf41f5c3bcf8/bhrm_black_men_woven_wristband.jpg,281,Stylish bracelet with sturdy clasp — adds edge to any casual or formal outfit.,https://www.ajio.com/bhrm-men-woven-wristband/p/466868836_black,black,Men
NVR Men Set of 4 Beaded Tie-Up Rakhi,₹2399,Clothing,Rakhis,https://assets.ajio.com/medias/sys_master/root/20250428/PNR4/680fc5f755340d4b4f0309ab/nvr_gold_men_set_of_4_beaded_tie-up_rakhi.jpg,158,Beautiful rakhi crafted with care — perfect for celebrating the special bond of siblings.,https://www.ajio.com/nvr-men-set-of-4-beaded-tie-up-rakhi/p/701508170_gold,gold,Men
Oomph Men Pendant with Chain,₹2299,Clothing,Chains,https://assets.ajio.com/medias/sys_master/root/20250516/kCjl/68269b227a6cd4182f35496a/oomph_silver_men_pendant_with_chain.jpg,361,Lightweight plated chain with smooth clasp closure — ideal for daily wear.,https://www.ajio.com/oomph-men-pendant-with-chain/p/701579248_silver,silver,Men
Oomph Men Stone-Beaded Classic Chain,₹2899,Clothing,Chains,https://assets.ajio.com/medias/sys_master/root/20250516/4LnF/68271c8b55340d4b4f3a4580/oomph_gold_men_stone-beaded_classic_chain.jpg,384,Lightweight plated chain with smooth clasp closure — ideal for daily wear.,https://www.ajio.com/oomph-men-stone-beaded-classic-chain/p/701579256_gold,gold,Men
Oomph Men Set of 2 Silver-Plated Cubic Zirconia-Studded Stud Earrings,₹2699,Clothing,Earrings,https://assets.ajio.com/medias/sys_master/root1/20250716/Y20Z/6876af505d4cb413800d3fda/oomph_silver-toned_men_set_of_2_silver-plated_cubic_zirconia-studded_stud_earrings.jpg,230,Elegant silver-plated earrings with refined finish — perfect for everyday wear.,https://www.ajio.com/oomph-men-set-of-2-silver-plated-cubic-zirconia-studded-stud-earrings/p/701950986_silver,silver,Men
Oomph Men Set of 2 DumbBell & Bat Stud Earrings,₹2399,Clothing,Earrings,https://assets.ajio.com/medias/sys_master/root/20250714/2bWe/68752d8fe590ff066e533acd/oomph_black_men_set_of_2_dumbbell_%26_bat_stud_earrings.jpg,156,Elegant silver-plated earrings with refined finish — perfect for everyday wear.,https://www.ajio.com/oomph-men-set-of-2-dumbbell--bat-stud-earrings/p/701947220_black,black,Men
Oomph Men Set of 2 Silver-Plated Cubic Zirconia-Studded Stud Earrings,₹2899,Clothing,Earrings,https://assets.ajio.com/medias/sys_master/root1/20250715/i7Ud/6876622a5d4cb4138006a781/oomph_silver-toned_men_set_of_2_silver-plated_cubic_zirconia-studded_stud_earrings.jpg,243,Elegant silver-plated earrings with refined finish — perfect for everyday wear.,https://www.ajio.com/oomph-men-set-of-2-silver-plated-cubic-zirconia-studded-stud-earrings/p/701950995_silver,silver,Men
Oomph Man Studs Earring,₹2899,Clothing,Earrings,https://assets.ajio.com/medias/sys_master/root/20241103/NZSZ/67278cfd260f9c41e8b8b3cb/oomph_silver_man_studs_earring.jpg,311,Elegant silver-plated earrings with refined finish — perfect for everyday wear.,https://www.ajio.com/oomph-man-studs-earring/p/700678198_silver,silver,Men
Fabula Men Fashion Earring,₹2799,Clothing,Earrings,https://assets.ajio.com/medias/sys_master/root/20241029/ZxnH/67201695260f9c41e8aa106c/fabula_silver_men_fashion_earring.jpg,356,Elegant silver-plated earrings with refined finish — perfect for everyday wear.,https://www.ajio.com/fabula-men-fashion-earring/p/700665768_silver,silver,Men
Fabula Men Silver Chain,₹2999,Clothing,Chains,https://assets.ajio.com/medias/sys_master/root/20241125/wB8a/6743922a0f47f80c87a5daa3/fabula_silver_men_silver_chain.jpg,396,Lightweight plated chain with smooth clasp closure — ideal for daily wear.,https://www.ajio.com/fabula-men-silver-chain/p/700796114_multi,multi,Men
Fabula BOIS6-Cross Wristbands,₹2099,Clothing,Bracelets & Kadas,https://assets.ajio.com/medias/sys_master/root/20230727/cpvu/64c2582beebac147fc8d94eb/fabula_black_bois6-cross_wristbands.jpg,286,Stylish bracelet with sturdy clasp — adds edge to any casual or formal outfit.,https://www.ajio.com/fabula-bois6-cross-wristbands/p/465271300_black,black,Men
Fabula BSN22-Beaded Evil-Eye Bracelet,₹2399,Clothing,Bracelets & Kadas,https://assets.ajio.com/medias/sys_master/root/20230628/nt2B/649b89d3eebac147fc17f923/fabula_black_bsn22-beaded_evil-eye_bracelet.jpg,294,Stylish bracelet with sturdy clasp — adds edge to any casual or formal outfit.,https://www.ajio.com/fabula-bsn22-beaded-evil-eye-bracelet/p/465661622_black,black,Men
BHRM Set of 2 Men Silver-Plated Bracelet,₹1699,Clothing,Bracelets & Kadas,https://assets.ajio.com/medias/sys_master/root/20231220/mPjs/6581f7e8ddf7791519db1010/bhrm_silver_set_of_2_men_silver-plated_bracelet.jpg,207,Stylish bracelet with sturdy clasp — adds edge to any casual or formal outfit.,https://www.ajio.com/bhrm-set-of-2-men-silver-plated-bracelet/p/466898665_silver,silver,Men
BHRM Set of 2 Typographic Print Silver-Plated Band Rings,₹1799,Clothing,Rings,https://assets.ajio.com/medias/sys_master/root/20240102/oZpR/6593e876afa4cf41f5fb8985/bhrm_silver-toned_set_of_2_typographic_print_silver-plated_band_rings.jpg,400,Statement ring with unique design — a standout accessory for any look.,https://www.ajio.com/bhrm-set-of-2-typographic-print-silver-plated-band-rings/p/466936756_silver,silver,Men
Bold by Priyaasi Men Lion Face Gold-Plated Ring,₹1899,Clothing,Rings,https://assets.ajio.com/medias/sys_master/root/20240502/mviL/663380e316fd2c6e6ae23298/bold_by_priyaasi_gold-plated_men_lion_face_gold-plated_ring.jpg,361,Statement ring with unique design — a standout accessory for any look.,https://www.ajio.com/bold-by-priyaasi-men-lion-face-gold-plated-ring/p/466956912_gold,gold,Men
BHRM Men Silver-Plated Chain with Pendant,₹1899,Clothing,Chains,https://assets.ajio.com/medias/sys_master/root/20240102/2xJk/6593d93aafa4cf41f5faea2f/bhrm_multicoloured_men_silver-plated_chain_with_pendant.jpg,380,Lightweight plated chain with smooth clasp closure — ideal for daily wear.,https://www.ajio.com/bhrm-men-silver-plated-chain-with-pendant/p/466935193_multi,multi,Men
Oomph EOIS12-Stone Studs Earrings,₹2099,Clothing,Earrings,https://assets.ajio.com/medias/sys_master/root/20230727/r3td/64c25497a9b42d15c9731133/oomph_silver-toned_%26_white_eois12-stone_studs_earrings.jpg,216,Elegant silver-plated earrings with refined finish — perfect for everyday wear.,https://www.ajio.com/oomph-eois12-stone-studs-earrings/p/464050155_white,white,Men
Yellow Chimes Music Headphones Designer Stainless Steel Pendant with Chain,₹2899,Clothing,Chains,https://assets.ajio.com/medias/sys_master/root/20230411/IZgw/64348c24711cf97ba71a0f29/yellow_chimes_silver-toned_music_headphones_designer_stainless_steel_pendant_with_chain.jpg,316,Lightweight plated chain with smooth clasp closure — ideal for daily wear.,https://www.ajio.com/yellow-chimes-music-headphones-designer-stainless-steel-pendant-with-chain/p/6005719670_multi,multi,Men
Oomph Men Set of 2 Silver-Plated American Diamond-Studded Stud Earrings,₹2499,Clothing,Earrings,https://assets.ajio.com/medias/sys_master/root/20240520/w5ev/664b7eac05ac7d77bb67bec2/oomph_silver-toned_men_set_of_2_silver-plated_american_diamond-studded_stud_earrings.jpg,159,Elegant silver-plated earrings with refined finish — perfect for everyday wear.,https://www.ajio.com/oomph-men-set-of-2-silver-plated-american-diamond-studded-stud-earrings/p/467344104_silver,silver,Men
Fabula Earring,₹2499,Clothing,Earrings,https://assets.ajio.com/medias/sys_master/root/20241023/UFDO/6718d271f9b8ef490bd768b0/fabula_silver_earring.jpg,239,Elegant silver-plated earrings with refined finish — perfect for everyday wear.,https://www.ajio.com/fabula-earring/p/700632811_silver,silver,Men
Oomph Men Gold-Plated Link Chain,₹2099,Clothing,Chains,https://assets.ajio.com/medias/sys_master/root/20240713/TY4m/6691833c6f60443f31fad920/oomph_gold-toned_men_gold-plated_link_chain.jpg,333,Lightweight plated chain with smooth clasp closure — ideal for daily wear.,https://www.ajio.com/oomph-men-gold-plated-link-chain-/p/700187552_gold,gold,Men
Fabula Men Combo of 2 Black Beads Bracelet,₹2799,Clothing,Bracelets & Kadas,https://assets.ajio.com/medias/sys_master/root/20241203/qGY6/674ef65b0f47f80c87cda62b/fabula_black_men_combo_of_2_black_beads_bracelet.jpg,166,Stylish bracelet with sturdy clasp — adds edge to any casual or formal outfit.,https://www.ajio.com/fabula-men-combo-of-2-black-beads-bracelet/p/700863613_black,black,Men
Fabula BFQ11_AJR4 Braided Leather Wrap Bracelet,₹2499,Clothing,Bracelets & Kadas,https://assets.ajio.com/medias/sys_master/root/20230329/wEb1/64247c6a907deb497abb558e/fabula_black_bfq11_ajr4_braided_leather_wrap_bracelet.jpg,362,Stylish bracelet with sturdy clasp — adds edge to any casual or formal outfit.,https://www.ajio.com/fabula-bfq11-ajr4-braided-leather-wrap-bracelet/p/465993087_black,black,Men
SAZARA Men Belt with Auto Lock Buckle Closure,₹1799,Clothing,Belts,https://assets.ajio.com/medias/sys_master/root/20250408/5ctk/67f429f255340d4b4fb9e4d3/sazara_black_men_belt_with_auto_lock_buckle_closure.jpg,317,Sleek belt with premium buckle finish — a must-have accessory for a polished look.,https://www.ajio.com/sazara-men-belt-with-auto-lock-buckle-closure/p/701425840_black,black,Men
SAZARA Men Belt with Auto Lock Buckle Closure,₹1799,Clothing,Belts,https://assets.ajio.com/medias/sys_master/root/20250408/ySip/67f450e055340d4b4fba25f0/sazara_black_men_belt_with_auto_lock_buckle_closure.jpg,166,Sleek belt with premium buckle finish — a must-have accessory for a polished look.,https://www.ajio.com/sazara-men-belt-with-auto-lock-buckle-closure/p/701425838_black,black,Men
NVR Men Set of 2 Beads Rakhi With Roli Chawal & Chocolate,₹2399,Clothing,Rakhis,https://assets.ajio.com/medias/sys_master/root/20250408/sRwx/67f5257c7a6cd4182fb50a1b/nvr_green%2C_blue_men_set_of_2_beads_rakhi_with_roli_chawal_%26_chocolate.jpg,380,Beautiful rakhi crafted with care — perfect for celebrating the special bond of siblings.,https://www.ajio.com/nvr-men-set-of-2-beads-rakhi-with-roli-chawal--chocolate/p/701426896_multi,multi,Men
FIXOCRA Men Pack of 3 Printed Trunks,₹2599,Clothing,Trunks,https://assets.ajio.com/medias/sys_master/root1/20250922/BbSQ/68d13c5a8bfb9009ac22e61e/fixocra_sea_green_men_pack_of_3_printed_trunks.jpg,233,Comfortable regular-fit trunks in soft breathable fabric for all-day wear.,https://www.ajio.com/fixocra-men-pack-of-3-printed-trunks/p/702293152_seagreen,seagreen,Men
Fabula RFQ12-Skull Broad Band Ring,₹2199,Clothing,Rings,https://assets.ajio.com/medias/sys_master/root/20230727/RC2S/64c25ac8eebac147fc8dedcc/fabula_silver_rfq12-skull_broad_band_ring.jpg,327,Statement ring with unique design — a standout accessory for any look.,https://www.ajio.com/fabula-rfq12-skull-broad-band-ring/p/465297693_silver,silver,Men
Panicia Men Pack of 4 Printed Trunks,₹2399,Clothing,Trunks,https://assets.ajio.com/medias/sys_master/root/20250207/x4q2/67a5f455bc78b543a92c77a0/panicia_white_men_pack_of_4_printed_trunks.jpg,385,Comfortable regular-fit trunks in soft breathable fabric for all-day wear.,https://www.ajio.com/panicia-men-pack-of-4-printed-trunks/p/701176455_multi,multi,Men
Fabula Men Set of 2 Silver-Plated Stud Earrings,₹2399,Clothing,Earrings,https://assets.ajio.com/medias/sys_master/root1/20250805/ccky/6891f97a8bfb9009ac636006/fabula_silver-toned_men_set_of_2_silver-plated_stud_earrings.jpg,262,Elegant silver-plated earrings with refined finish — perfect for everyday wear.,https://www.ajio.com/fabula-men-set-of-2-silver-plated-stud-earrings/p/702071012_silver,silver,Men
Fabula Men Silver-Plated Chain with Pendant,₹2599,Clothing,Chains,https://assets.ajio.com/medias/sys_master/root1/20250825/uR4g/68ac4d508bfb9009aca8fa75/fabula_silver-toned_men_silver-plated_chain_with_pendant.jpg,163,Lightweight plated chain with smooth clasp closure — ideal for daily wear.,https://www.ajio.com/fabula-men-silver-plated-chain-with-pendant/p/702146563_silver,silver,Men
Oomph Men Leather Bracelet,₹2599,Clothing,Bracelets & Kadas,https://assets.ajio.com/medias/sys_master/root1/20250716/e0Jr/687709536034bf77f0b0b7ee/oomph_black_men_leather_bracelet.jpg,162,Stylish bracelet with sturdy clasp — adds edge to any casual or formal outfit.,https://www.ajio.com/oomph-men-leather-bracelet/p/701956019_black,black,Men
Fabula Men Classic Pendants with Chains,₹2899,Clothing,Chains,https://assets.ajio.com/medias/sys_master/root1/20250715/58md/6876639e6034bf77f0a43011/fabula_silver_men_classic_pendants_with_chains.jpg,331,Lightweight plated chain with smooth clasp closure — ideal for daily wear.,https://www.ajio.com/fabula-men-classic-pendants-with-chains/p/701954783_silver,silver,Men
Oomph Men Set of 2 Silver-Plated Cubic Zirconia-Studded Stud Earrings,₹2699,Clothing,Earrings,https://assets.ajio.com/medias/sys_master/root1/20250715/pOBO/68768fbc6034bf77f0a76221/oomph_multicoloured_men_set_of_2_silver-plated_cubic_zirconia-studded_stud_earrings.jpg,343,Elegant silver-plated earrings with refined finish — perfect for everyday wear.,https://www.ajio.com/oomph-men-set-of-2-silver-plated-cubic-zirconia-studded-stud-earrings/p/701950992_multi,multi,Men
Panicia Men Pack of 4 Printed Trunks,₹2399,Clothing,Trunks,https://assets.ajio.com/medias/sys_master/root1/20250922/Fdt5/68d139058bfb9009ac227099/panicia_white_men_pack_of_4_printed_trunks.jpg,383,Comfortable regular-fit trunks in soft breathable fabric for all-day wear.,https://www.ajio.com/panicia-men-pack-of-4-printed-trunks/p/702290825_multi,multi,Men
Panicia Pack Of 4 Regular Trunks,₹2399,Clothing,Trunks,https://assets.ajio.com/medias/sys_master/root1/20250922/1ES8/68d1402a3d468c61ab141838/panicia_black_pack_of_4_regular_trunks.jpg,209,Comfortable regular-fit trunks in soft breathable fabric for all-day wear.,https://www.ajio.com/panicia-pack-of-4-regular-trunks/p/702295525_black,black,Men
Fabula Men Set of 2 Silver-Plated Stud Earrings,₹2599,Clothing,Earrings,https://assets.ajio.com/medias/sys_master/root1/20250805/87SP/6891fa048bfb9009ac63712f/fabula_silver-toned_men_set_of_2_silver-plated_stud_earrings.jpg,290,Elegant silver-plated earrings with refined finish — perfect for everyday wear.,https://www.ajio.com/fabula-men-set-of-2-silver-plated-stud-earrings/p/702070778_silver,silver,Men
NVR Pack of 2 Men Thread Bracelet,₹1799,Clothing,Bracelets & Kadas,https://assets.ajio.com/medias/sys_master/root/20250521/L4na/682cf3d255340d4b4f491398/nvr_multicoloured_pack_of_2_men_thread_bracelet.jpg,274,Stylish bracelet with sturdy clasp — adds edge to any casual or formal outfit.,https://www.ajio.com/nvr-pack-of-2-men-thread-bracelet/p/701600903_multi,multi,Men
Fabula Men Silver-Toned Metal Knuckle Pendant Chain,₹2399,Clothing,Chains,https://assets.ajio.com/medias/sys_master/root1/20251208/Fnwr/6936c027720fb821d3740acd/fabula_silver_men_silver-toned_metal_knuckle_pendant_chain.jpg,297,Lightweight plated chain with smooth clasp closure — ideal for daily wear.,https://www.ajio.com/fabula-men-silver-toned-metal-knuckle-pendant-chain/p/702595676_silver,silver,Men
Fabula Men Set of 2 Silver-Plated Stud Earrings,₹2499,Clothing,Earrings,https://assets.ajio.com/medias/sys_master/root1/20250805/jySd/6891fd973d468c61ab4ca172/fabula_silver_men_set_of_2_silver-plated_stud_earrings.jpg,266,Elegant silver-plated earrings with refined finish — perfect for everyday wear.,https://www.ajio.com/fabula-men-set-of-2-silver-plated-stud-earrings/p/702070789_silver,silver,Men
Hoodler Men T-Shirt with Round Neck,₹2199,Clothing,Tshirts,https://assets.ajio.com/medias/sys_master/root/20241225/HQ2I/676b891c0f47f80c872052b4/hoodler_black_men_t-shirt_with_round_neck.jpg,166,Comfortable everyday tee with relaxed fit and soft breathable fabric — perfect for casual wear.,https://www.ajio.com/hoodler-men-t-shirt-with-round-neck/p/700976613_black,black,Men
BHRM Men Chain with Captain America Pendant,₹1899,Clothing,Chains,https://assets.ajio.com/medias/sys_master/root/20240102/e4yu/6594144fafa4cf41f5fcf56b/bhrm_multicoloured_men_chain_with_captain_america_pendant.jpg,245,Lightweight plated chain with smooth clasp closure — ideal for daily wear.,https://www.ajio.com/bhrm-men-chain-with-captain-america-pendant/p/466939559_multi,multi,Men
Oomph Men Pendants with Chains,₹2799,Clothing,Chains,https://assets.ajio.com/medias/sys_master/root/20241108/AFnO/672e2562f9b8ef490b0ea276/oomph_silver_men_pendants_with_chains.jpg,369,Lightweight plated chain with smooth clasp closure — ideal for daily wear.,https://www.ajio.com/oomph-men-pendants-with-chains/p/700720318_silver,silver,Men
Oomph Men Classic Chain Pendent,₹2399,Clothing,Chains,https://assets.ajio.com/medias/sys_master/root1/20251028/vhfq/6900c7bed3b48604f85062df/oomph_black_men_classic_chain_pendent.jpg,394,Lightweight plated chain with smooth clasp closure — ideal for daily wear.,https://www.ajio.com/oomph-men-classic-chain-pendent/p/700667233_black,black,Men
Oomph Men Fashion Jewellery Chain,₹2999,Clothing,Chains,https://assets.ajio.com/medias/sys_master/root/20241118/gFqe/673b54c90f47f80c87938236/oomph_silver_men_fashion_jewellery_chain.jpg,185,Lightweight plated chain with smooth clasp closure — ideal for daily wear.,https://www.ajio.com/oomph-men-fashion-jewellery-chain/p/700770026_multi,multi,Men
Star Word Men Regular Fit Trunks with Elasticated Waist,₹1199,Clothing,Trunks,https://assets.ajio.com/medias/sys_master/root1/20250819/rTiP/68a382da3d468c61ab786d76/star_word_white_men_regular_fit_trunks_with_elasticated_waist.jpg,270,Comfortable regular-fit trunks in soft breathable fabric for all-day wear.,https://www.ajio.com/star-word-men-regular-fit-trunks-with-elasticated-waist/p/702123179_white,white,Men
BEACH CURVE Men Ribbed Socks,₹599,Clothing,Socks,https://assets.ajio.com/medias/sys_master/root1/20251203/prCT/692f470e8945db77cf072432/beach_curve_beige_men_ribbed_socks.jpg,178,High-performance socks with ribbed construction for grip and all-day comfort.,https://www.ajio.com/beach-curve-men-ribbed-socks/p/702578569_beige,beige,Men
BEACH CURVE Unisex Ribbed Socks,₹599,Clothing,Socks,https://assets.ajio.com/medias/sys_master/root1/20251203/PMnN/692f4b91720fb821d365d12a/beach_curve_white_unisex_ribbed_socks.jpg,282,High-performance socks with ribbed construction for grip and all-day comfort.,https://www.ajio.com/beach-curve-unisex-ribbed-socks/p/702579304_white,white,Men
BEACH CURVE Men Ribbed Socks,₹599,Clothing,Socks,https://assets.ajio.com/medias/sys_master/root1/20251203/2FNq/692f4be4720fb821d365dae4/beach_curve_blue_men_ribbed_socks.jpg,191,High-performance socks with ribbed construction for grip and all-day comfort.,https://www.ajio.com/beach-curve-men-ribbed-socks/p/702579203_blue,blue,Men
Star Word Men Regular Fit Trunks with Elasticated Waist,₹1199,Clothing,Trunks,https://assets.ajio.com/medias/sys_master/root1/20250818/Um2A/68a32a7e3d468c61ab755f41/star_word_navy_men_regular_fit_trunks_with_elasticated_waist.jpg,326,Comfortable regular-fit trunks in soft breathable fabric for all-day wear.,https://www.ajio.com/star-word-men-regular-fit-trunks-with-elasticated-waist/p/702123179_navy,navy,Men
BHRM Men Silver-Plated Chain with Pendant,₹1899,Clothing,Chains,https://assets.ajio.com/medias/sys_master/root/20240102/fDbc/6593d7e6afa4cf41f5fac66b/bhrm_silver-toned_men_silver-plated_chain_with_pendant.jpg,321,Lightweight plated chain with smooth clasp closure — ideal for daily wear.,https://www.ajio.com/bhrm-men-silver-plated-chain-with-pendant/p/466935266_silver,silver,Men
BHRM Men Slip-On Kada,₹2399,Clothing,Bracelets & Kadas,https://assets.ajio.com/medias/sys_master/root/20231219/IFic/65819cfaddf7791519d993e2/bhrm_black_men_slip-on_kada.jpg,386,Stylish bracelet with sturdy clasp — adds edge to any casual or formal outfit.,https://www.ajio.com/bhrm-men-slip-on-kada/p/466898671_black,black,Men
NVR Stainless Steel Chain Link Kada Bracelet,₹2799,Clothing,Bracelets & Kadas,https://assets.ajio.com/medias/sys_master/root/20240705/by0h/66872c256f60443f317122d3/nvr_black_stainless_steel_chain_link_kada_bracelet.jpg,247,Stylish bracelet with sturdy clasp — adds edge to any casual or formal outfit.,https://www.ajio.com/nvr-stainless-steel-chain-link-kada-bracelet/p/700163127_black,black,Men
BHRM Men Silver-Plated Chain with Pendant,₹1899,Clothing,Chains,https://assets.ajio.com/medias/sys_master/root/20240103/mQog/65946a2cafa4cf41f5fd972f/bhrm_red_men_silver-plated_chain_with_pendant.jpg,332,Lightweight plated chain with smooth clasp closure — ideal for daily wear.,https://www.ajio.com/bhrm-men-silver-plated-chain-with-pendant-/p/466935198_red,red,Men
Oomph Men Set of 2 Stone-Studded Stud Earrings,₹2699,Clothing,Earrings,https://assets.ajio.com/medias/sys_master/root/20250714/iB1R/687527a6b13fc54edd283a12/oomph_silver-toned_men_set_of_2_stone-studded_stud_earrings.jpg,376,Elegant silver-plated earrings with refined finish — perfect for everyday wear.,https://www.ajio.com/oomph-men-set-of-2-stone-studded-stud-earrings/p/701947224_silver,silver,Men
Fabula RFQ1-Gold-Plated Jesus Band Ring,₹2199,Clothing,Rings,https://assets.ajio.com/medias/sys_master/root/20230727/S20n/64c25398a9b42d15c972eec3/fabula_gold-toned_rfq1-gold-plated_jesus_band_ring.jpg,321,Statement ring with unique design — a standout accessory for any look.,https://www.ajio.com/fabula-rfq1-gold-plated-jesus-band-ring/p/465310113_gold,gold,Men
Fabula EHY5-Silver-Plated Stone-Studded Stud Earrings,₹2499,Clothing,Earrings,https://assets.ajio.com/medias/sys_master/root/20230628/vFdg/649bb95ca9b42d15c9081e9a/fabula_silver_ehy5-silver-plated_stone-studded_stud_earrings.jpg,216,Elegant silver-plated earrings with refined finish — perfect for everyday wear.,https://www.ajio.com/fabula-ehy5-silver-plated-stone-studded-stud-earrings/p/465731019_silver,silver,Men
BHRM Men Silver-Plated Chain with S-Hook Closure,₹1899,Clothing,Chains,https://assets.ajio.com/medias/sys_master/root/20240102/VOXb/6593d8ebddf7791519faa144/bhrm_silver-toned_men_silver-plated_chain_with_s-hook_closure.jpg,160,Lightweight plated chain with smooth clasp closure — ideal for daily wear.,https://www.ajio.com/bhrm-men-silver-plated-chain-with-s-hook-closure/p/466935202_silver,silver,Men
Oomph Men Stainless Steel Chain,₹2099,Clothing,Chains,https://assets.ajio.com/medias/sys_master/root/20241029/gs0P/6720197f260f9c41e8aa521e/oomph_silver_men_stainless_steel_chain.jpg,321,Lightweight plated chain with smooth clasp closure — ideal for daily wear.,https://www.ajio.com/oomph-men-stainless-steel-chain-/p/700665769_silver,silver,Men
Panicia Pack Of 4 Regular Trunks,₹2399,Clothing,Trunks,https://assets.ajio.com/medias/sys_master/root1/20250922/5OZr/68d148a63d468c61ab15236f/panicia_blue_pack_of_4_regular_trunks.jpg,384,Comfortable regular-fit trunks in soft breathable fabric for all-day wear.,https://www.ajio.com/panicia-pack-of-4-regular-trunks/p/702295525_blue,blue,Men
Oomph BFQ11_AJR3 Leather Bracelet with Drawstrings,₹2499,Clothing,Bracelets & Kadas,https://assets.ajio.com/medias/sys_master/root/20230322/MtU1/641b1b86907deb497aab0935/oomph_black_bfq11_ajr3_leather_bracelet_with_drawstrings.jpg,273,Stylish bracelet with sturdy clasp — adds edge to any casual or formal outfit.,https://www.ajio.com/oomph-bfq11-ajr3-leather-bracelet-with-drawstrings/p/465963321_black,black,Men
Fabula Men Pack of 2 Cocktail Rings,₹2999,Clothing,Rings,https://assets.ajio.com/medias/sys_master/root/20241127/l6Pt/674709170f47f80c87affdcd/fabula_silver_men_pack_of_2_cocktail_rings.jpg,164,Statement ring with unique design — a standout accessory for any look.,https://www.ajio.com/fabula-men-pack-of-2-cocktail-rings/p/700813315_silver,silver,Men
Oomph Men Pack of 2 Bracelet,₹2799,Clothing,Bracelets & Kadas,https://assets.ajio.com/medias/sys_master/root/20241119/QL9I/673cbeafc148fa1b30d78b7f/oomph_black_men_pack_of_2_bracelet.jpg,243,Stylish bracelet with sturdy clasp — adds edge to any casual or formal outfit.,https://www.ajio.com/oomph-men-pack-of-2-bracelet/p/700778446_black,black,Men
Panicia Men Nylon Trunks,₹2399,Clothing,Trunks,https://assets.ajio.com/medias/sys_master/root/20250206/5ewo/67a3e6e92960820c49644922/panicia_white_men_nylon_trunks.jpg,286,Comfortable regular-fit trunks in soft breathable fabric for all-day wear.,https://www.ajio.com/panicia-men-nylon-trunks/p/701169584_multi,multi,Men
Fabula Men Silver-Plated Chain with Pendant,₹2499,Clothing,Chains,https://assets.ajio.com/medias/sys_master/root1/20250825/U4NQ/68ac53db8bfb9009aca9e828/fabula_silver-toned_men_silver-plated_chain_with_pendant.jpg,161,Lightweight plated chain with smooth clasp closure — ideal for daily wear.,https://www.ajio.com/fabula-men-silver-plated-chain-with-pendant/p/702146564_silver,silver,Men
Fabula Men Set of 2 Silver-Plated Stud Earrings,₹2599,Clothing,Earrings,https://assets.ajio.com/medias/sys_master/root1/20250805/lIVV/689205d18bfb9009ac643107/fabula_silver-toned_men_set_of_2_silver-plated_stud_earrings.jpg,155,Elegant silver-plated earrings with refined finish — perfect for everyday wear.,https://www.ajio.com/fabula-men-set-of-2-silver-plated-stud-earrings/p/702070896_silver,silver,Men
Oomph Men Silver Plated Long Chain,₹2399,Clothing,Chains,https://assets.ajio.com/medias/sys_master/root1/20250716/chct/68770cb45d4cb41380138bb4/oomph_silver_men_silver_plated_long_chain.jpg,321,Lightweight plated chain with smooth clasp closure — ideal for daily wear.,https://www.ajio.com/oomph-men-silver-plated-long-chain/p/701956503_silver,silver,Men
Oomph Men Set of 2 Silver-Plated Cubic Zirconia-Studded Stud Earrings,₹2899,Clothing,Earrings,https://assets.ajio.com/medias/sys_master/root1/20250716/o8ug/6876c9e26034bf77f0ae2b38/oomph_silver-toned_men_set_of_2_silver-plated_cubic_zirconia-studded_stud_earrings.jpg,386,Elegant silver-plated earrings with refined finish — perfect for everyday wear.,https://www.ajio.com/oomph-men-set-of-2-silver-plated-cubic-zirconia-studded-stud-earrings/p/701950990_silver,silver,Men
Panicia Pack Of 4 Regular Trunks,₹2399,Clothing,Trunks,https://assets.ajio.com/medias/sys_master/root1/20250922/Iw3Y/68d1435f8bfb9009ac23d0b4/panicia_white_pack_of_4_regular_trunks.jpg,328,Comfortable regular-fit trunks in soft breathable fabric for all-day wear.,https://www.ajio.com/panicia-pack-of-4-regular-trunks/p/702295525_multi,multi,Men
Fabula Men Set of 3 Silver-Plated Cubic Zirconia Studs,₹2699,Clothing,Earrings,https://assets.ajio.com/medias/sys_master/root1/20250926/NVGv/68d59f068bfb9009ac38cf42/fabula_silver_men_set_of_3_silver-plated_cubic_zirconia_studs.jpg,187,Elegant silver-plated earrings with refined finish — perfect for everyday wear.,https://www.ajio.com/fabula-men-set-of-3-silver-plated-cubic-zirconia-studs/p/702319917_silver,silver,Men
Oomph Men Chains with Pendant,₹2399,Clothing,Chains,https://assets.ajio.com/medias/sys_master/root1/20251125/uU2H/692593c788d6d62ff8062c73/oomph_silver_men_chains_with_pendant.jpg,172,Lightweight plated chain with smooth clasp closure — ideal for daily wear.,https://www.ajio.com/oomph-men-chains-with-pendant/p/702542830_silver,silver,Men
Oomph Men Set of 6 Stainless Steel Dumb Bell Stud Earrings,₹2999,Clothing,Earrings,https://assets.ajio.com/medias/sys_master/root/20241130/Moqn/674ad4fcc148fa1b30fe4590/oomph_silver-toned_men_set_of_6_stainless_steel_dumb_bell_stud_earrings.jpg,177,Elegant silver-plated earrings with refined finish — perfect for everyday wear.,https://www.ajio.com/oomph-men-set-of-6-stainless-steel-dumb-bell-stud-earrings/p/700834732_multi,multi,Men
NVR Stainless Steel Chain Link Kada Bracelet,₹2799,Clothing,Bracelets & Kadas,https://assets.ajio.com/medias/sys_master/root/20240705/jwMi/668745d71d763220faeb978e/nvr_gold_stainless_steel_chain_link_kada_bracelet.jpg,175,Stylish bracelet with sturdy clasp — adds edge to any casual or formal outfit.,https://www.ajio.com/nvr-stainless-steel-chain-link-kada-bracelet/p/700163124_gold,gold,Men
BHRM Men Silver-Plated Chain with Pendant,₹1899,Clothing,Chains,https://assets.ajio.com/medias/sys_master/root/20240102/nClZ/6593d55aafa4cf41f5fa8505/bhrm_silver-toned_men_silver-plated_chain_with_pendant.jpg,179,Lightweight plated chain with smooth clasp closure — ideal for daily wear.,https://www.ajio.com/bhrm-men-silver-plated-chain-with-pendant/p/466935219_silver,silver,Men
Urban Hug Pack of 3 Boxers,₹7299,Clothing,Boxers,https://assets.ajio.com/medias/sys_master/root/20211023/NoRN/61730baef997ddf8f1e33e42/urban_hug_multicoloured_pack_of_3_boxers.jpg,282,Comfortable boxers in breathable fabric — ideal for everyday wear.,https://www.ajio.com/urban-hug-pack-of-3-boxers/p/460788892_multi,multi,Men
Om Jewells RK1000324 Lord Lakshmi Design Wristband,₹899,Clothing,Bracelets & Kadas,https://assets.ajio.com/medias/sys_master/root/20210707/ictR/60e4a229aeb269a9e33a4c80/om_jewells_multicolored_rk1000324_lord_lakshmi_design_wristband.jpg,184,Stylish bracelet with sturdy clasp — adds edge to any casual or formal outfit.,https://www.ajio.com/om-jewells-rk1000324-lord-lakshmi-design-wristband/p/462509491_multi,multi,Men
Star Word Men Printed Trunks with Elasticated Waistband,₹1199,Clothing,Trunks,https://assets.ajio.com/medias/sys_master/root1/20250818/1P8Z/68a3154d3d468c61ab728f46/star_word_multicoloured_men_printed_trunks_with_elasticated_waistband.jpg,372,Comfortable regular-fit trunks in soft breathable fabric for all-day wear.,https://www.ajio.com/star-word-men-printed-trunks-with-elasticated-waistband/p/702122192_multi,multi,Men
Star Word Men Regular Fit Trunks with Elasticated Waist,₹1199,Clothing,Trunks,https://assets.ajio.com/medias/sys_master/root1/20250818/aEs0/68a32ab98bfb9009ac8b9243/star_word_black_men_regular_fit_trunks_with_elasticated_waist.jpg,163,Comfortable regular-fit trunks in soft breathable fabric for all-day wear.,https://www.ajio.com/star-word-men-regular-fit-trunks-with-elasticated-waist/p/702123179_black,black,Men
BEACH CURVE Unisex Ribbed Socks,₹599,Clothing,Socks,https://assets.ajio.com/medias/sys_master/root1/20251203/pa7z/692f4d66720fb821d365fc2a/beach_curve_grey_unisex_ribbed_socks.jpg,190,High-performance socks with ribbed construction for grip and all-day comfort.,https://www.ajio.com/beach-curve-unisex-ribbed-socks/p/702579212_multi,multi,Men
BEACH CURVE Men Ribbed Socks,₹599,Clothing,Socks,https://assets.ajio.com/medias/sys_master/root1/20251203/YQz6/692f4adf720fb821d365bc19/beach_curve_grey_men_ribbed_socks.jpg,225,High-performance socks with ribbed construction for grip and all-day comfort.,https://www.ajio.com/beach-curve-men-ribbed-socks/p/702578709_multi,multi,Men
Star Word Men Printed Trunks with Elasticated Waistband,₹1199,Clothing,Trunks,https://assets.ajio.com/medias/sys_master/root1/20250818/mCK2/68a317d48bfb9009ac890bd5/star_word_navy_blue_men_printed_trunks_with_elasticated_waistband.jpg,389,Comfortable regular-fit trunks in soft breathable fabric for all-day wear.,https://www.ajio.com/star-word-men-printed-trunks-with-elasticated-waistband/p/702122192_navy,navy,Men
Star Word Men Printed Trunks with Elasticated Waistband,₹1199,Clothing,Trunks,https://assets.ajio.com/medias/sys_master/root1/20250818/hY0a/68a319993d468c61ab732c93/star_word_white_men_printed_trunks_with_elasticated_waistband.jpg,228,Comfortable regular-fit trunks in soft breathable fabric for all-day wear.,https://www.ajio.com/star-word-men-printed-trunks-with-elasticated-waistband/p/702122192_white,white,Men
BEACH CURVE Unisex Ribbed Socks,₹599,Clothing,Socks,https://assets.ajio.com/medias/sys_master/root1/20251203/93GO/692f4a258945db77cf0796ae/beach_curve_red_unisex_ribbed_socks.jpg,177,High-performance socks with ribbed construction for grip and all-day comfort.,https://www.ajio.com/beach-curve-unisex-ribbed-socks/p/702579293_red,red,Men
Hoodler Men Polo T-Shirt with Button Closure,₹2199,Clothing,Tshirts,https://assets.ajio.com/medias/sys_master/root/20241225/witu/676bc8850f47f80c87208492/hoodler_maroon_men_polo_t-shirt_with_button_closure.jpg,364,Comfortable everyday tee with relaxed fit and soft breathable fabric — perfect for casual wear.,https://www.ajio.com/hoodler-men-polo-t-shirt-with-button-closure/p/700977258_maroon,maroon,Men
Wedani Floral Print 3-Piece Anarkali Kurta Suit Set,₹3399,Clothing,Ethnic Suit Sets,https://assets.ajio.com/medias/sys_master/root/20230930/Wsjk/65175024ddf7791519102301/wedani_navy_blue_floral_print_3-piece_anarkali_kurta_suit_set.png,276,Premium quality Ethnic Suit Sets at an unbeatable discounted price — grab it before stock runs out.,https://www.ajio.com/wedani-floral-print-3-piece-anarkali-kurta-suit-set/p/466652939_navy,navy,Men
Fabula Chain with Lobster Claw Clasp,₹2499,Clothing,Chains,https://assets.ajio.com/medias/sys_master/root/20231003/hfIH/651c4438ddf7791519162278/fabula_silver-toned_chain_with_lobster_claw_clasp.jpg,279,Lightweight plated chain with smooth clasp closure — ideal for daily wear.,https://www.ajio.com/fabula-chain-with-lobster-claw-clasp/p/466657303_silver,silver,Men
BHRM Set of 2 Men Silver-Plated Chain with Pendant,₹1899,Clothing,Chains,https://assets.ajio.com/medias/sys_master/root/20240102/az5k/6593d8f1afa4cf41f5fae1b2/bhrm_silver-toned_set_of_2_men_silver-plated_chain_with_pendant.jpg,229,Lightweight plated chain with smooth clasp closure — ideal for daily wear.,https://www.ajio.com/bhrm-set-of-2-men-silver-plated-chain-with-pendant/p/466935237_silver,silver,Men
Oomph Men Stainless Steel Band Ring,₹2299,Clothing,Rings,https://assets.ajio.com/medias/sys_master/root/20240712/0bhY/669146ac1d763220fa71f7bb/oomph_silver_men_stainless_steel_band_ring.jpg,160,Statement ring with unique design — a standout accessory for any look.,https://www.ajio.com/oomph-men-stainless-steel-band-ring/p/700186258_silver,silver,Men
BHRM Men Silver-Plated Multistrand Chain with Pendant,₹1899,Clothing,Chains,https://assets.ajio.com/medias/sys_master/root/20240103/46Ma/659476d7afa4cf41f5fdf502/bhrm_silver-toned_men_silver-plated_multistrand_chain_with_pendant.jpg,275,Lightweight plated chain with smooth clasp closure — ideal for daily wear.,https://www.ajio.com/bhrm-men-silver-plated-multistrand-chain-with-pendant/p/466935212_silver,silver,Men
BHRM Men Silver-Plated Chain with Pendant,₹1899,Clothing,Chains,https://assets.ajio.com/medias/sys_master/root/20240102/LD0v/6593d517ddf7791519fa3e4d/bhrm_black_men_silver-plated_chain_with_pendant.jpg,320,Lightweight plated chain with smooth clasp closure — ideal for daily wear.,https://www.ajio.com/bhrm-men-silver-plated-chain-with-pendant/p/466935224_black,black,Men
BHRM Men Silver-Plated Chain with Pendant,₹1899,Clothing,Chains,https://assets.ajio.com/medias/sys_master/root/20240102/p3oJ/6593d92fddf7791519faa9b3/bhrm_silver-toned_men_silver-plated_chain_with_pendant.jpg,217,Lightweight plated chain with smooth clasp closure — ideal for daily wear.,https://www.ajio.com/bhrm-men-silver-plated-chain-with-pendant/p/466935406_silver,silver,Men
"Oomph RFQ1-""Jesus"" Titanium Ring",₹2199,Clothing,Rings,https://assets.ajio.com/medias/sys_master/root/20230727/biAm/64c2529aeebac147fc8ccbc7/oomph_gold_rfq1-%22jesus%22_titanium_ring.jpg,197,Statement ring with unique design — a standout accessory for any look.,https://www.ajio.com/oomph-rfq1-jesus-titanium-ring/p/463560196_gold,gold,Men
Oomph Silver-Plated Classic Chain,₹1899,Clothing,Chains,https://assets.ajio.com/medias/sys_master/root/20230727/1Tml/64c25133a9b42d15c9728468/oomph_silver_silver-plated_classic_chain.jpg,218,Lightweight plated chain with smooth clasp closure — ideal for daily wear.,https://www.ajio.com/oomph-silver-plated-classic-chain/p/463557757_silver,silver,Men
Om Jewells RK1000335 Ethnic Stone-Studded Bracelet,₹999,Clothing,Bracelets & Kadas,https://assets.ajio.com/medias/sys_master/root/20210707/X4nI/60e4a22ff997ddb3121de2ae/om_jewells_multicolor_rk1000335_ethnic_stone-studded_bracelet.jpg,223,Stylish bracelet with sturdy clasp — adds edge to any casual or formal outfit.,https://www.ajio.com/om-jewells-rk1000335-ethnic-stone-studded-bracelet/p/462510817_multi,multi,Men
Om Jewells RK1000394 Ganesh Goddess Rakhi Bracelet,₹899,Clothing,Rakhis,https://assets.ajio.com/medias/sys_master/root/20210708/kHhv/60e62300aeb269a9e33c6f75/om_jewells_multicolor_rk1000394_ganesh_goddess_rakhi_bracelet.jpg,169,Beautiful rakhi crafted with care — perfect for celebrating the special bond of siblings.,https://www.ajio.com/om-jewells-rk1000394-ganesh-goddess-rakhi-bracelet/p/462607563_multi,multi,Men
Om Jewells RK1000391 Evileye Rakhi Bracelet,₹899,Clothing,Rakhis,https://assets.ajio.com/medias/sys_master/root/20210708/hiOK/60e64a9faeb269a9e33d4125/om_jewells_multicolor_rk1000391_evileye_rakhi_bracelet.jpg,322,Beautiful rakhi crafted with care — perfect for celebrating the special bond of siblings.,https://www.ajio.com/om-jewells-rk1000391-evileye-rakhi-bracelet/p/462607574_multi,multi,Men
Om Jewells RK1000321 Beaded Bracelet,₹899,Clothing,Rakhis,https://assets.ajio.com/medias/sys_master/root/20210622/2Alg/60d1b03af997ddb312e76d2b/om_jewells_brown_rk1000321_beaded_bracelet.jpg,366,Beautiful rakhi crafted with care — perfect for celebrating the special bond of siblings.,https://www.ajio.com/om-jewells-rk1000321-beaded-bracelet/p/462518809_brown,brown,Men
Om Jewells RK1000389 Floral Pattern Rakhi Bracelet,₹899,Clothing,Rakhis,https://assets.ajio.com/medias/sys_master/root/20210708/a0Ve/60e620aaaeb269a9e33c4ce1/om_jewells_multicolor_rk1000389_floral_pattern_rakhi_bracelet.jpg,171,Beautiful rakhi crafted with care — perfect for celebrating the special bond of siblings.,https://www.ajio.com/om-jewells-rk1000389-floral-pattern-rakhi-bracelet/p/462607551_multi,multi,Men
Om Jewells RK1000326 Kundan-Studded Wristband,₹899,Clothing,Bracelets & Kadas,https://assets.ajio.com/medias/sys_master/root/20210707/pIxE/60e4a22ff997ddb3121de2a2/om_jewells_multicolored_rk1000326_kundan-studded_wristband.jpg,317,Stylish bracelet with sturdy clasp — adds edge to any casual or formal outfit.,https://www.ajio.com/om-jewells-rk1000326-kundan-studded-wristband/p/462509386_multi,multi,Men
Urban Hug Printed Joggers with Insert Pocket,₹5799,Clothing,Pyjamas,https://assets.ajio.com/medias/sys_master/root/20211130/HORQ/61a52ca2aeb2690110e272dd/urban_hug_blue_printed_joggers_with_insert_pocket.jpg,279,Soft and comfortable pyjamas for a restful night — perfect loungewear.,https://www.ajio.com/urban-hug-printed-joggers-with-insert-pocket/p/469011106_multi,multi,Men
NVR Set of 2 Kundan-Studded Handcrafted Bhaiya Bhabhi Rakhis with Roli Chawal,₹2399,Clothing,Rakhis,https://assets.ajio.com/medias/sys_master/root/20250430/L2wI/6811589b55340d4b4f080823/nvr_red_set_of_2_kundan-studded_handcrafted_bhaiya_bhabhi_rakhis_with_roli_chawal.jpg,178,Beautiful rakhi crafted with care — perfect for celebrating the special bond of siblings.,https://www.ajio.com/nvr-set-of-2-kundan-studded-handcrafted-bhaiya-bhabhi-rakhis-with-roli-chawal-/p/701510586_red,red,Men
NVR Set of 2 Kundan-Studded Handcrafted Bhaiya Bhabhi Rakhis with Roli Chawal,₹2399,Clothing,Rakhis,https://assets.ajio.com/medias/sys_master/root/20250430/AV1z/6811589b55340d4b4f080824/nvr_green_set_of_2_kundan-studded_handcrafted_bhaiya_bhabhi_rakhis_with_roli_chawal.jpg,398,Beautiful rakhi crafted with care — perfect for celebrating the special bond of siblings.,https://www.ajio.com/nvr-set-of-2-kundan-studded-handcrafted-bhaiya-bhabhi-rakhis-with-roli-chawal-/p/701510586_green,green,Men
NVR Set of 2 Stone-Studded Tie-Up Rakhis,₹1799,Clothing,Rakhis,https://assets.ajio.com/medias/sys_master/root/20250429/UTWJ/680fdbcf7a6cd4182ffd3b81/nvr_multicoloured_set_of_2_stone-studded_tie-up_rakhis.jpg,280,Beautiful rakhi crafted with care — perfect for celebrating the special bond of siblings.,https://www.ajio.com/nvr-set-of-2-stone-studded-tie-up-rakhis-/p/701507996_multi,multi,Men
NVR Men Beaded Tie-Up Rakhi,₹2399,Clothing,Rakhis,https://assets.ajio.com/medias/sys_master/root/20250428/17EF/680fb44055340d4b4f02e64c/nvr_blue_men_beaded_tie-up_rakhi.jpg,192,Beautiful rakhi crafted with care — perfect for celebrating the special bond of siblings.,https://www.ajio.com/nvr-men-beaded-tie-up-rakhi/p/701508164_blue,blue,Men
NVR Men Set of 2 Beaded Tie-Up & Lumba Rakhis,₹2399,Clothing,Rakhis,https://assets.ajio.com/medias/sys_master/root/20250428/G7Ic/680fb3b655340d4b4f02dc99/nvr_gold_men_set_of_2_beaded_tie-up_%26_lumba_rakhis.jpg,279,Beautiful rakhi crafted with care — perfect for celebrating the special bond of siblings.,https://www.ajio.com/nvr-men-set-of-2-beaded-tie-up--lumba-rakhis/p/701508096_gold,gold,Men
NVR Set of 2 Kundan-Studded Rakhis,₹2399,Clothing,Rakhis,https://assets.ajio.com/medias/sys_master/root/20250430/8JM6/6811ab6355340d4b4f082c94/nvr_red_set_of_2_kundan-studded_rakhis.jpg,367,Beautiful rakhi crafted with care — perfect for celebrating the special bond of siblings.,https://www.ajio.com/nvr-set-of-2-kundan-studded-rakhis/p/701510612_red,red,Men
NVR Set of 2 Kundan-Studded Rakhis,₹2399,Clothing,Rakhis,https://assets.ajio.com/medias/sys_master/root/20250429/pBVU/6810ce0e7a6cd4182f00a018/nvr_multicoloured_set_of_2_kundan-studded_rakhis.jpg,161,Beautiful rakhi crafted with care — perfect for celebrating the special bond of siblings.,https://www.ajio.com/nvr-set-of-2-kundan-studded-rakhis/p/701510602_multi,multi,Men
NVR Men Set of 2 Beaded Tie-Up & Lumba Rakhis,₹2399,Clothing,Rakhis,https://assets.ajio.com/medias/sys_master/root/20250428/vQfj/680f5ec87a6cd4182ffa7a64/nvr_blue_men_set_of_2_beaded_tie-up_%26_lumba_rakhis.jpg,305,Beautiful rakhi crafted with care — perfect for celebrating the special bond of siblings.,https://www.ajio.com/nvr-men-set-of-2-beaded-tie-up--lumba-rakhis/p/701508128_blue,blue,Men
NVR Kundan-Studded Om-Shaped Thread Rakhi,₹2399,Clothing,Rakhis,https://assets.ajio.com/medias/sys_master/root/20250429/ZBJI/681005127a6cd4182ffd544a/nvr_green_kundan-studded_om-shaped_thread_rakhi.jpg,159,Beautiful rakhi crafted with care — perfect for celebrating the special bond of siblings.,https://www.ajio.com/nvr-kundan-studded-om-shaped-thread-rakhi/p/701508160_green,green,Men
Oomph Men Cocktail King Engraved Ring,₹2499,Clothing,Rings,https://assets.ajio.com/medias/sys_master/root/20250516/uhYc/6826499f7a6cd4182f348ff1/oomph_silver-toned_men_cocktail_king_engraved_ring.jpg,360,Statement ring with unique design — a standout accessory for any look.,https://www.ajio.com/oomph-men-cocktail-king-engraved-ring-/p/701579675_silver,silver,Men
Oomph Men Silver-Plated Chain with Pendant,₹2599,Clothing,Chains,https://assets.ajio.com/medias/sys_master/root/20250514/nxGs/682477bb55340d4b4f33e355/oomph_silver-toned_men_silver-plated_chain_with_pendant.jpg,263,Lightweight plated chain with smooth clasp closure — ideal for daily wear.,https://www.ajio.com/oomph-men-silver-plated-chain-with-pendant-/p/701576011_silver,silver,Men
Oomph Men Stone-Beaded Classic Chain,₹2899,Clothing,Chains,https://assets.ajio.com/medias/sys_master/root/20250517/LMev/6827c29c55340d4b4f3af420/oomph_green_men_stone-beaded_classic_chain.jpg,343,Lightweight plated chain with smooth clasp closure — ideal for daily wear.,https://www.ajio.com/oomph-men-stone-beaded-classic-chain/p/701579263_green,green,Men
Oomph Men Cocktail Ring,₹2999,Clothing,Rings,https://assets.ajio.com/medias/sys_master/root/20250514/2vAj/6823f5087a6cd4182f2e6d0f/oomph_silver_men_cocktail_ring.jpg,263,Statement ring with unique design — a standout accessory for any look.,https://www.ajio.com/oomph-men-cocktail-ring/p/701575453_silver,silver,Men
Oomph Men Classic Bracelet,₹2399,Clothing,Bracelets & Kadas,https://assets.ajio.com/medias/sys_master/root1/20250716/l6Tl/68769f516034bf77f0a861a9/oomph_black_men_classic_bracelet.jpg,371,Stylish bracelet with sturdy clasp — adds edge to any casual or formal outfit.,https://www.ajio.com/oomph-men-classic-bracelet/p/701954142_multi,multi,Men
Oomph Men Set of 2 Silver-Plated Cubic Zirconia-Studded Stud Earrings,₹2699,Clothing,Earrings,https://assets.ajio.com/medias/sys_master/root1/20250715/boOs/687661d16034bf77f0a3f4bc/oomph_silver-toned_men_set_of_2_silver-plated_cubic_zirconia-studded_stud_earrings.jpg,296,Elegant silver-plated earrings with refined finish — perfect for everyday wear.,https://www.ajio.com/oomph-men-set-of-2-silver-plated-cubic-zirconia-studded-stud-earrings/p/701950984_silver,silver,Men
Oomph Men Handcrafted Carbon-Beaded Bracelet with Cross,₹2399,Clothing,Bracelets & Kadas,https://assets.ajio.com/medias/sys_master/root/20250714/3PcV/68751a3ce590ff066e527971/oomph_black_men_handcrafted_carbon-beaded_bracelet_with_cross.jpg,200,Stylish bracelet with sturdy clasp — adds edge to any casual or formal outfit.,https://www.ajio.com/oomph-men-handcrafted-carbon-beaded-bracelet-with-cross/p/701944512_black,black,Men
Oomph Men Set of 2 Silver-Plated Cubic Zirconia-Studded Stud Earrings,₹2699,Clothing,Earrings,https://assets.ajio.com/medias/sys_master/root1/20250715/REa6/68768d606034bf77f0a739f4/oomph_silver-toned_men_set_of_2_silver-plated_cubic_zirconia-studded_stud_earrings.jpg,256,Elegant silver-plated earrings with refined finish — perfect for everyday wear.,https://www.ajio.com/oomph-men-set-of-2-silver-plated-cubic-zirconia-studded-stud-earrings/p/701950974_silver,silver,Men
Oomph Men Silver Plated Long Chain,₹2499,Clothing,Chains,https://assets.ajio.com/medias/sys_master/root1/20250716/A9e3/6876d72d6034bf77f0aea079/oomph_black_men_silver_plated_long_chain.jpg,352,Lightweight plated chain with smooth clasp closure — ideal for daily wear.,https://www.ajio.com/oomph-men-silver-plated-long-chain/p/701956148_black,black,Men
Oomph Chain,₹2199,Clothing,Chains,https://assets.ajio.com/medias/sys_master/root/20241014/V5rE/670ce8e9f9b8ef490bb73599/oomph_silver_chain.jpg,172,Lightweight plated chain with smooth clasp closure — ideal for daily wear.,https://www.ajio.com/oomph-chain/p/700288594_silver,silver,Men
SAZARA Men Genuine Leather Belt,₹1799,Clothing,Belts,https://assets.ajio.com/medias/sys_master/root/20250619/LyNl/685319bb55340d4b4fc104c9/sazara_black_men_genuine_leather_belt.jpg,221,Sleek belt with premium buckle finish — a must-have accessory for a polished look.,https://www.ajio.com/sazara-men-genuine-leather-belt/p/701770435_black,black,Men
Fabula MPFQ8-Silver Plated Wolf Accent Pendant,₹2399,Clothing,Chains,https://assets.ajio.com/medias/sys_master/root/20230628/hxPl/649bfa97a9b42d15c90fda8f/fabula_silver_toned_mpfq8-silver_plated_wolf_accent_pendant.jpg,256,Lightweight plated chain with smooth clasp closure — ideal for daily wear.,https://www.ajio.com/fabula-mpfq8-silver-plated-wolf-accent-pendant/p/465849974_black,black,Men
Fabula BSN22-Stretchable Beaded Bracelet,₹2099,Clothing,Bracelets & Kadas,https://assets.ajio.com/medias/sys_master/root/20230727/6lQk/64c253c7a9b42d15c972f53b/fabula_black_bsn22-stretchable_beaded_bracelet.jpg,225,Stylish bracelet with sturdy clasp — adds edge to any casual or formal outfit.,https://www.ajio.com/fabula-bsn22-stretchable-beaded-bracelet/p/465328360_black,black,Men
Om Jewells RK1000392 Stone-Studded Krishna Rakhi Bracelet,₹899,Clothing,Rakhis,https://assets.ajio.com/medias/sys_master/root/20210707/5PAf/60e4d137aeb269a9e33aa82f/om_jewells_multicolor_rk1000392_stone-studded_krishna_rakhi_bracelet.jpg,395,Beautiful rakhi crafted with care — perfect for celebrating the special bond of siblings.,https://www.ajio.com/om-jewells-rk1000392-stone-studded-krishna-rakhi-bracelet/p/462599962_multi,multi,Men
Om Jewells RK1000388 Peacock Pattern Rakhi Bracelet,₹899,Clothing,Rakhis,https://assets.ajio.com/medias/sys_master/root/20210708/DbRc/60e621e2aeb269a9e33c5edb/om_jewells_multicolor_rk1000388_peacock_pattern_rakhi_bracelet.jpg,236,Beautiful rakhi crafted with care — perfect for celebrating the special bond of siblings.,https://www.ajio.com/om-jewells-rk1000388-peacock-pattern-rakhi-bracelet/p/462607560_multi,multi,Men
Om Jewells RK1000333 Stone-Studded Wristband,₹899,Clothing,Rakhis,https://assets.ajio.com/medias/sys_master/root/20210707/DwQg/60e4a22faeb269a9e33a4d24/om_jewells_multicolored_rk1000333_stone-studded_wristband.jpg,351,Beautiful rakhi crafted with care — perfect for celebrating the special bond of siblings.,https://www.ajio.com/om-jewells-rk1000333-stone-studded-wristband/p/462509400_multi,multi,Men
Om Jewells RK1000395 Radha Krishna Goddess Rakhi Bracelets,₹899,Clothing,Rakhis,https://assets.ajio.com/medias/sys_master/root/20210707/dI6y/60e4d159f997ddb3121e42eb/om_jewells_multicolor_rk1000395_radha_krishna_goddess_rakhi_bracelets.jpg,257,Beautiful rakhi crafted with care — perfect for celebrating the special bond of siblings.,https://www.ajio.com/om-jewells-rk1000395-radha-krishna-goddess-rakhi-bracelets/p/462600036_multi,multi,Men
Oomph Graphic Print Cocktail Ring,₹2199,Clothing,Rings,https://assets.ajio.com/medias/sys_master/root/20230727/jVKf/64c25663a9b42d15c9735156/oomph_silver-toned_%26_black_graphic_print_cocktail_ring.jpg,208,Statement ring with unique design — a standout accessory for any look.,https://www.ajio.com/oomph-graphic-print-cocktail-ring/p/463729081_black,black,Men
Om Jewells RK1000393 Hanuman Goddess Rakhi Bracelets,₹899,Clothing,Rakhis,https://assets.ajio.com/medias/sys_master/root/20210707/DPNU/60e4d1b8f997ddb3121e4833/om_jewells_multicolor_rk1000393_hanuman_goddess_rakhi_bracelets.jpg,213,Beautiful rakhi crafted with care — perfect for celebrating the special bond of siblings.,https://www.ajio.com/om-jewells-rk1000393-hanuman-goddess-rakhi-bracelets/p/462600030_multi,multi,Men
Om Jewells RK1000387 Om Pattern Rakhi Bracelet,₹899,Clothing,Rakhis,https://assets.ajio.com/medias/sys_master/root/20210708/Ejdq/60e622bbaeb269a9e33c6b96/om_jewells_multicolor_rk1000387_om_pattern_rakhi_bracelet.jpg,244,Beautiful rakhi crafted with care — perfect for celebrating the special bond of siblings.,https://www.ajio.com/om-jewells-rk1000387-om-pattern-rakhi-bracelet/p/462607553_multi,multi,Men
Om Jewells RK1000320 Lord Ganesha Design Wristband,₹899,Clothing,Bracelets & Kadas,https://assets.ajio.com/medias/sys_master/root/20210707/mniq/60e4a22ff997ddb3121de296/om_jewells_multicolored_rk1000320_lord_ganesha_design_wristband.jpg,387,Stylish bracelet with sturdy clasp — adds edge to any casual or formal outfit.,https://www.ajio.com/om-jewells-rk1000320-lord-ganesha-design-wristband/p/462509374_multi,multi,Men
Om Jewells RK1000332 Wristband with Pearl Accent,₹999,Clothing,Rakhis,https://assets.ajio.com/medias/sys_master/root/20210707/JnuA/60e4a22faeb269a9e33a4d25/om_jewells_multicolored_rk1000332_wristband_with_pearl_accent.jpg,327,Beautiful rakhi crafted with care — perfect for celebrating the special bond of siblings.,https://www.ajio.com/om-jewells-rk1000332-wristband-with-pearl-accent/p/462509490_multi,multi,Men
Om Jewells RK1000390 Floral Pattern Beaded Rakhi,₹899,Clothing,Rakhis,https://assets.ajio.com/medias/sys_master/root/20210707/MOHa/60e4d13ef997ddb3121e4156/om_jewells_multicolor_rk1000390_floral_pattern_beaded_rakhi.jpg,301,Beautiful rakhi crafted with care — perfect for celebrating the special bond of siblings.,https://www.ajio.com/om-jewells-rk1000390-floral-pattern-beaded-rakhi/p/462599940_multi,multi,Men
Om Jewells RK1000325 Peacock Design Stone-Studded Bracelet,₹899,Clothing,Rakhis,https://assets.ajio.com/medias/sys_master/root/20210622/dx5e/60d13450aeb269a9e302a807/om_jewells_gold_rk1000325_peacock_design_stone-studded_bracelet.jpg,366,Beautiful rakhi crafted with care — perfect for celebrating the special bond of siblings.,https://www.ajio.com/om-jewells-rk1000325-peacock-design-stone-studded-bracelet/p/462536665_gold,gold,Men
Om Jewells RK1000398 Stone-Studded Rakhi Bracelet,₹899,Clothing,Rakhis,https://assets.ajio.com/medias/sys_master/root/20210801/HN1A/61062f15aeb269a9e35c1698/om_jewells_multicolor_rk1000398_stone-studded_rakhi_bracelet.jpg,342,Beautiful rakhi crafted with care — perfect for celebrating the special bond of siblings.,https://www.ajio.com/om-jewells-rk1000398-stone-studded-rakhi-bracelet/p/462599970_multi,multi,Men
Om Jewells RK1000319 Lord Ganesha Design Wristband,₹899,Clothing,Bracelets & Kadas,https://assets.ajio.com/medias/sys_master/root/20210707/afsJ/60e4a22faeb269a9e33a4d3a/om_jewells_multicolored_rk1000319_lord_ganesha_design_wristband.jpg,256,Stylish bracelet with sturdy clasp — adds edge to any casual or formal outfit.,https://www.ajio.com/om-jewells-rk1000319-lord-ganesha-design-wristband/p/462509439_multi,multi,Men
Om Jewells RK1000396 Beaded Rakhi Bracelet,₹899,Clothing,Rakhis,https://assets.ajio.com/medias/sys_master/root/20210708/GdkV/60e62031aeb269a9e33c45e9/om_jewells_multicolor_rk1000396_beaded_rakhi_bracelet.jpg,169,Beautiful rakhi crafted with care — perfect for celebrating the special bond of siblings.,https://www.ajio.com/om-jewells-rk1000396-beaded-rakhi-bracelet/p/462607556_multi,multi,Men
Om Jewells RK1000330 Stone-Studded Rakhi Bracelet,₹999,Clothing,Rakhis,https://assets.ajio.com/medias/sys_master/root/20210707/kYPe/60e4a29faeb269a9e33a4da0/om_jewells_multicolored_rk1000330_stone-studded_rakhi_bracelet.jpg,299,Beautiful rakhi crafted with care — perfect for celebrating the special bond of siblings.,https://www.ajio.com/om-jewells-rk1000330-stone-studded-rakhi-bracelet/p/462517485_multi,multi,Men
Fabula Women Studs Earring,₹2999,Clothing,Earrings,https://assets.ajio.com/medias/sys_master/root/20241126/XN7y/6745e61ac148fa1b30edb611/fabula_silver_women_studs_earring.jpg,163,Elegant silver-plated earrings with refined finish — perfect for everyday wear.,https://www.ajio.com/fabula-women-studs-earring/p/700809528_multi,multi,Men
Oomph EOIS12-Silver-Plated American Diamond Stud Earrings,₹2099,Clothing,Earrings,https://assets.ajio.com/medias/sys_master/root/20230724/FdnC/64be7ce3eebac147fc8467df/oomph_silver-toned_eois12-silver-plated_american_diamond_stud_earrings.jpg,245,Elegant silver-plated earrings with refined finish — perfect for everyday wear.,https://www.ajio.com/oomph-eois12-silver-plated-american-diamond-stud-earrings/p/466379962_silver,silver,Men
NVR Set of 2 Artificial Stones and Beads Rakhi,₹2399,Clothing,Rakhis,https://assets.ajio.com/medias/sys_master/root/20250408/HJv5/67f4fa887a6cd4182fb43351/nvr_multi_set_of_2_artificial_stones_and_beads_rakhi.jpg,289,Beautiful rakhi crafted with care — perfect for celebrating the special bond of siblings.,https://www.ajio.com/nvr-set-of-2-artificial-stones-and-beads-rakhi-/p/701426793_navy,navy,Men
SAZARA Men Classic Belt,₹1799,Clothing,Belts,https://assets.ajio.com/medias/sys_master/root/20250408/nkGz/67f5516b7a6cd4182fb65723/sazara_black_men_classic_belt.jpg,368,Sleek belt with premium buckle finish — a must-have accessory for a polished look.,https://www.ajio.com/sazara-men-classic-belt/p/701431086_black,black,Men
SAZARA Men Belt with Auto Lock Buckle Closure,₹1799,Clothing,Belts,https://assets.ajio.com/medias/sys_master/root/20250408/hEKO/67f4a5c355340d4b4fba9312/sazara_black_men_belt_with_auto_lock_buckle_closure.jpg,300,Sleek belt with premium buckle finish — a must-have accessory for a polished look.,https://www.ajio.com/sazara-men-belt-with-auto-lock-buckle-closure/p/701425844_black,black,Men
SAZARA Men Belt with Auto Lock Buckle Closure,₹1799,Clothing,Belts,https://assets.ajio.com/medias/sys_master/root/20250408/MTtu/67f451257a6cd4182fb26361/sazara_black_men_belt_with_auto_lock_buckle_closure.jpg,224,Sleek belt with premium buckle finish — a must-have accessory for a polished look.,https://www.ajio.com/sazara-men-belt-with-auto-lock-buckle-closure/p/701425828_black,black,Men
NVR Cartoon Character Artificial Beads Rakhi,₹2399,Clothing,Rakhis,https://assets.ajio.com/medias/sys_master/root/20250408/MPpE/67f4fbcc55340d4b4fbc2fe0/nvr_multi_cartoon_character_artificial_beads_rakhi.jpg,361,Beautiful rakhi crafted with care — perfect for celebrating the special bond of siblings.,https://www.ajio.com/nvr-cartoon-character-artificial-beads-rakhi-/p/701426826_peach,peach,Men
NVR Men Set of 10 Tie-Up Rakhi with Roli Chawal & Chocolates,₹2399,Clothing,Rakhis,https://assets.ajio.com/medias/sys_master/root/20250408/tXof/67f5253f55340d4b4fbccb7a/nvr_red_men_set_of_10_tie-up_rakhi_with_roli_chawal_%26_chocolates.jpg,230,Beautiful rakhi crafted with care — perfect for celebrating the special bond of siblings.,https://www.ajio.com/nvr-men-set-of-10-tie-up-rakhi-with-roli-chawal--chocolates/p/701426822_multi,multi,Men
FIXOCRA Men Pack of 3 Printed Trunks,₹2599,Clothing,Trunks,https://assets.ajio.com/medias/sys_master/root1/20250922/FxNp/68d14c3c3d468c61ab15934b/fixocra_multicoloured_men_pack_of_3_printed_trunks.jpg,340,Comfortable regular-fit trunks in soft breathable fabric for all-day wear.,https://www.ajio.com/fixocra-men-pack-of-3-printed-trunks/p/702293152_multi,multi,Men
Panicia Pack Of 4 Regular Trunks,₹2399,Clothing,Trunks,https://assets.ajio.com/medias/sys_master/root1/20250922/6Uhz/68d13b908bfb9009ac22caaa/panicia_sea_green_pack_of_4_regular_trunks.jpg,312,Comfortable regular-fit trunks in soft breathable fabric for all-day wear.,https://www.ajio.com/panicia-pack-of-4-regular-trunks/p/702295525_seagreen,seagreen,Men
Panicia Men Pack of 4 Printed Trunks,₹2399,Clothing,Trunks,https://assets.ajio.com/medias/sys_master/root1/20250925/sGPa/68d532d93d468c61ab279289/panicia_black_men_pack_of_4_printed_trunks.jpg,374,Comfortable regular-fit trunks in soft breathable fabric for all-day wear.,https://www.ajio.com/panicia-men-pack-of-4-printed-trunks/p/702314491_black,black,Men
Om Jewells RK1000397 Beaded Rakhi Bracelet,₹899,Clothing,Rakhis,https://assets.ajio.com/medias/sys_master/root/20210707/PlfU/60e4f99aaeb269a9e33ba824/om_jewells_multicolor_rk1000397_beaded_rakhi_bracelet.jpg,157,Beautiful rakhi crafted with care — perfect for celebrating the special bond of siblings.,https://www.ajio.com/om-jewells-rk1000397-beaded-rakhi-bracelet/p/462599977_multi,multi,Men
Fabula Women Studs Earring,₹2599,Clothing,Earrings,https://assets.ajio.com/medias/sys_master/root/20241020/GGVN/671532aef9b8ef490bccc8d0/fabula_silver_women_studs_earring.jpg,368,Elegant silver-plated earrings with refined finish — perfect for everyday wear.,https://www.ajio.com/fabula-women-studs-earring/p/700610944_silver,silver,Men
Oomph Women Silver Ring,₹2999,Clothing,Rings,https://assets.ajio.com/medias/sys_master/root/20241119/Ay3c/673cbf9a0f47f80c87970ed9/oomph_silver_women_silver_ring.jpg,393,Statement ring with unique design — a standout accessory for any look.,https://www.ajio.com/oomph-women-silver-ring/p/700778241_silver,silver,Men
NVR Set of 2 Artificial Stones and Beads Rakhi Set,₹2399,Clothing,Rakhis,https://assets.ajio.com/medias/sys_master/root/20250408/yKF8/67f5260355340d4b4fbce8c0/nvr_blue__set_of_2_artificial_stones_and_beads_rakhi_set.jpg,214,Beautiful rakhi crafted with care — perfect for celebrating the special bond of siblings.,https://www.ajio.com/nvr--set-of-2-artificial-stones-and-beads-rakhi-set-/p/701426896_navy,navy,Men
SAZARA Men Classic Belt,₹1799,Clothing,Belts,https://assets.ajio.com/medias/sys_master/root/20250408/oZYs/67f550f87a6cd4182fb647a4/sazara_black_men_classic_belt.jpg,360,Sleek belt with premium buckle finish — a must-have accessory for a polished look.,https://www.ajio.com/sazara-men-classic-belt/p/701431076_black,black,Men
NVR Men Set of 4 Tie-Up Rakhi with Roli Chawal & Chocolates,₹2399,Clothing,Rakhis,https://assets.ajio.com/medias/sys_master/root/20250408/lK2h/67f525017a6cd4182fb4f83e/nvr_red%2C_purple%2C_white%2C_pink_men_set_of_4_tie-up_rakhi_with_roli_chawal_%26_chocolates.jpg,249,Beautiful rakhi crafted with care — perfect for celebrating the special bond of siblings.,https://www.ajio.com/nvr-men-set-of-4-tie-up-rakhi-with-roli-chawal--chocolates/p/701426821_multi,multi,Men
NVR Set of 2 Artificial Stones and Pearls Rakhi,₹2399,Clothing,Rakhis,https://assets.ajio.com/medias/sys_master/root/20250408/CB48/67f4fa9e55340d4b4fbc0565/nvr_multi_set_of_2_artificial_stones_and_pearls_rakhi.jpg,176,Beautiful rakhi crafted with care — perfect for celebrating the special bond of siblings.,https://www.ajio.com/nvr-set-of-2-artificial-stones-and-pearls-rakhi-/p/701426793_white,white,Men
NVR Set of 12 Artificial Stones and Beads Rakhi Set,₹2399,Clothing,Rakhis,https://assets.ajio.com/medias/sys_master/root/20250408/o6e3/67f5252155340d4b4fbcc687/nvr_red__set_of_12_artificial_stones_and_beads_rakhi_set.jpg,163,Beautiful rakhi crafted with care — perfect for celebrating the special bond of siblings.,https://www.ajio.com/nvr--set-of-12-artificial-stones-and-beads-rakhi-set-/p/701426822_red,red,Men
NVR Micky Mouse Character Artificial Beads Thread Rakhi,₹2399,Clothing,Rakhis,https://assets.ajio.com/medias/sys_master/root/20250408/7lO3/67f4fd4055340d4b4fbc6134/nvr_multi_micky_mouse_character_artificial_beads_thread_rakhi.jpg,216,Beautiful rakhi crafted with care — perfect for celebrating the special bond of siblings.,https://www.ajio.com/nvr-micky-mouse-character-artificial-beads-thread-rakhi-/p/701426826_black,black,Men
Panicia Pack of 4 Nylon Trunks,₹2399,Clothing,Trunks,https://assets.ajio.com/medias/sys_master/root/20250206/cQaX/67a4925e2960820c4965c5a5/panicia_white_pack_of_4_nylon_trunks.jpg,346,Comfortable regular-fit trunks in soft breathable fabric for all-day wear.,https://www.ajio.com/panicia-pack-of-4-nylon-trunks/p/701170664_multi,multi,Men
Panicia Pack of 4 Men Regular Trunks with Elasticated Waist,₹2399,Clothing,Trunks,https://assets.ajio.com/medias/sys_master/root/20250206/zINt/67a4a6892960820c49669aee/panicia_white_pack_of_4_men_regular_trunks_with_elasticated_waist.jpg,273,Comfortable regular-fit trunks in soft breathable fabric for all-day wear.,https://www.ajio.com/panicia-pack-of-4-men-regular-trunks-with-elasticated-waist/p/701173197_multi,multi,Men
Panicia Men Nylon Trunks,₹2399,Clothing,Trunks,https://assets.ajio.com/medias/sys_master/root/20250205/Vmf2/67a3803c2960820c496395b8/panicia_white_men_nylon_trunks.jpg,389,Comfortable regular-fit trunks in soft breathable fabric for all-day wear.,https://www.ajio.com/panicia-men-nylon-trunks/p/701170212_multi,multi,Men
Panicia Pack of 4 Men Printed Trunks,₹2399,Clothing,Trunks,https://assets.ajio.com/medias/sys_master/root/20250207/E0gQ/67a5ccd3bc78b543a92b7ee2/panicia_white_pack_of_4_men_printed_trunks.jpg,335,Comfortable regular-fit trunks in soft breathable fabric for all-day wear.,https://www.ajio.com/panicia-pack-of-4-men-printed-trunks/p/701176197_multi,multi,Men
Panicia Pack Of 2 Men Abstract Trunks with Elasticated Waist,₹2399,Clothing,Trunks,https://assets.ajio.com/medias/sys_master/root/20250206/cJ40/67a4925e2960820c4965c5a4/panicia_multicoloured_pack_of_2_men_abstract_trunks_with_elasticated_waist.jpg,279,Comfortable regular-fit trunks in soft breathable fabric for all-day wear.,https://www.ajio.com/panicia-pack-of-2-men-abstract-trunks-with-elasticated-waist/p/701170921_multi,multi,Men
Panicia Men Nylon Trunks,₹2399,Clothing,Trunks,https://assets.ajio.com/medias/sys_master/root/20250206/keR1/67a4d2992960820c4967aa44/panicia_white_men_nylon_trunks.jpg,270,Comfortable regular-fit trunks in soft breathable fabric for all-day wear.,https://www.ajio.com/panicia-men-nylon-trunks/p/701171909_multi,multi,Men
Oomph Men Classic Chain,₹2499,Clothing,Chains,https://assets.ajio.com/medias/sys_master/root1/20250815/y3M1/689e454c8bfb9009ac851c9b/oomph_silver_men_classic_chain.jpg,314,Lightweight plated chain with smooth clasp closure — ideal for daily wear.,https://www.ajio.com/oomph-men-classic-chain/p/702117254_silver,silver,Men
Fabula Men Set of 2 Silver-Plated Stud Earrings,₹2599,Clothing,Earrings,https://assets.ajio.com/medias/sys_master/root1/20250805/nUNY/6891ec1b8bfb9009ac618b1a/fabula_silver_men_set_of_2_silver-plated_stud_earrings.jpg,379,Elegant silver-plated earrings with refined finish — perfect for everyday wear.,https://www.ajio.com/fabula-men-set-of-2-silver-plated-stud-earrings/p/702070935_silver,silver,Men
Fabula Men Set of 2 Silver-Plated Stud Earrings,₹2399,Clothing,Earrings,https://assets.ajio.com/medias/sys_master/root1/20250805/07MY/689200963d468c61ab4cfdf7/fabula_silver_men_set_of_2_silver-plated_stud_earrings.jpg,324,Elegant silver-plated earrings with refined finish — perfect for everyday wear.,https://www.ajio.com/fabula-men-set-of-2-silver-plated-stud-earrings/p/702070895_silver,silver,Men
Oomph Men Classic Chain,₹2599,Clothing,Chains,https://assets.ajio.com/medias/sys_master/root1/20250815/2cgu/689e457f3d468c61ab6ef436/oomph_silver_men_classic_chain.jpg,248,Lightweight plated chain with smooth clasp closure — ideal for daily wear.,https://www.ajio.com/oomph-men-classic-chain/p/702117195_silver,silver,Men
Oomph Men Superman Logo Band Ring,₹2499,Clothing,Rings,https://assets.ajio.com/medias/sys_master/root/20250714/6vRo/6875245de590ff066e530246/oomph_black_men_superman_logo_band_ring.jpg,278,Statement ring with unique design — a standout accessory for any look.,https://www.ajio.com/oomph-men-superman-logo-band-ring/p/701947949_black,black,Men
Oomph Men Set of 2 Silver-Plated Cubic Zirconia-Studded Stud Earrings,₹2699,Clothing,Earrings,https://assets.ajio.com/medias/sys_master/root1/20250715/8sQb/68769a2a6034bf77f0a80512/oomph_silver-toned_men_set_of_2_silver-plated_cubic_zirconia-studded_stud_earrings.jpg,272,Elegant silver-plated earrings with refined finish — perfect for everyday wear.,https://www.ajio.com/oomph-men-set-of-2-silver-plated-cubic-zirconia-studded-stud-earrings/p/701950978_silver,silver,Men
Oomph Men Set of 2 Silver-Plated Cubic Zirconia-Studded Stud Earrings,₹2699,Clothing,Earrings,https://assets.ajio.com/medias/sys_master/root1/20250715/gKkZ/68769d156034bf77f0a828f2/oomph_silver-toned_men_set_of_2_silver-plated_cubic_zirconia-studded_stud_earrings.jpg,283,Elegant silver-plated earrings with refined finish — perfect for everyday wear.,https://www.ajio.com/oomph-men-set-of-2-silver-plated-cubic-zirconia-studded-stud-earrings/p/701950982_silver,silver,Men
Oomph Men Set of 3 Silver-Plated Cubic Zirconia-Studded Studs,₹2699,Clothing,Earrings,https://assets.ajio.com/medias/sys_master/root1/20250912/4SJB/68c44ff13d468c61abee2e7c/oomph_silver-toned_men_set_of_3_silver-plated_cubic_zirconia-studded_studs.jpg,317,Elegant silver-plated earrings with refined finish — perfect for everyday wear.,https://www.ajio.com/oomph-men-set-of-3-silver-plated-cubic-zirconia-studded-studs-/p/702250134_silver,silver,Men
Panicia Men Pack of 4 Trunks with Elasticated Waist,₹2399,Clothing,Trunks,https://assets.ajio.com/medias/sys_master/root/20250207/SP5M/67a58b6b2960820c496900d1/panicia_sky_men_pack_of_4_trunks_with_elasticated_waist.jpg,60,Comfortable regular-fit trunks in soft breathable fabric for all-day wear.,https://www.ajio.com/panicia-men-pack-of-4-trunks-with-elasticated-waist/p/701170454_aqua,aqua,Men
FIXOCRA Men Pack of 3 Printed Trunks,₹2599,Clothing,Trunks,https://assets.ajio.com/medias/sys_master/root1/20250922/8W5k/68d141f08bfb9009ac23a40a/fixocra_black_men_pack_of_3_printed_trunks.jpg,326,Comfortable regular-fit trunks in soft breathable fabric for all-day wear.,https://www.ajio.com/fixocra-men-pack-of-3-printed-trunks/p/702293152_black,black,Men
KOTTY Regular Fit Crew-Neck T-Shirt,₹1799,Clothing,Tshirts,https://assets.ajio.com/medias/sys_master/root/20240524/yGKf/665095eb16fd2c6e6a23b001/kotty_brown_regular_fit_crew-neck_t-shirt.jpg,205,Comfortable everyday tee with relaxed fit and soft breathable fabric — perfect for casual wear.,https://www.ajio.com/kotty-regular-fit-crew-neck-t-shirt/p/700009167_brown,brown,Men
Urban Hug Pack of 3 Printed Boxers,₹7299,Clothing,Boxers,https://assets.ajio.com/medias/sys_master/root/20210119/9pUd/6005d55daeb269698150a52a/urban_hug_assorted_pack_of_3_printed_boxers.jpg,259,Comfortable boxers in breathable fabric — ideal for everyday wear.,https://www.ajio.com/urban-hug-pack-of-3-printed-boxers/p/460788799_multi,multi,Men
FIXOCRA Men Pack of 3 Printed Trunks,₹2599,Clothing,Trunks,https://assets.ajio.com/medias/sys_master/root1/20250922/5ta1/68d14da98bfb9009ac25141a/fixocra_multicoloured_men_pack_of_3_printed_trunks.jpg,176,Comfortable regular-fit trunks in soft breathable fabric for all-day wear.,https://www.ajio.com/fixocra-men-pack-of-3-printed-trunks/p/702296308_multi,multi,Men
NVR Men Set of 2 Beaded Tie-Up & Lumba Rakhis,₹2399,Clothing,Rakhis,https://assets.ajio.com/medias/sys_master/root/20250428/v6bS/680fb3e355340d4b4f02e167/nvr_gold_men_set_of_2_beaded_tie-up_%26_lumba_rakhis.jpg,395,Beautiful rakhi crafted with care — perfect for celebrating the special bond of siblings.,https://www.ajio.com/nvr-men-set-of-2-beaded-tie-up--lumba-rakhis/p/701508149_red,red,Men
NVR Men Set of 2 Beaded Tie-Up & Lumba Rakhis,₹2399,Clothing,Rakhis,https://assets.ajio.com/medias/sys_master/root/20250428/m06V/680fb43c7a6cd4182ffcf408/nvr_multicoloured_men_set_of_2_beaded_tie-up_%26_lumba_rakhis.jpg,378,Beautiful rakhi crafted with care — perfect for celebrating the special bond of siblings.,https://www.ajio.com/nvr-men-set-of-2-beaded-tie-up--lumba-rakhis/p/701508096_multi,multi,Men
FIXOCRA Men Pack of 3 Printed Trunks,₹2599,Clothing,Trunks,https://assets.ajio.com/medias/sys_master/root1/20250922/EuGq/68d14d5c3d468c61ab15b4d7/fixocra_black_men_pack_of_3_printed_trunks.jpg,231,Comfortable regular-fit trunks in soft breathable fabric for all-day wear.,https://www.ajio.com/fixocra-men-pack-of-3-printed-trunks/p/702296308_black,black,Men
FIXOCRA Men Pack of 3 Printed Trunks,₹2599,Clothing,Trunks,https://assets.ajio.com/medias/sys_master/root1/20250922/ey7h/68d14b9e3d468c61ab1580bb/fixocra_blue_men_pack_of_3_printed_trunks.jpg,151,Comfortable regular-fit trunks in soft breathable fabric for all-day wear.,https://www.ajio.com/fixocra-men-pack-of-3-printed-trunks/p/702296315_blue,blue,Men
FIXOCRA Men Pack of 3 Printed Regular Trunks,₹2599,Clothing,Trunks,https://assets.ajio.com/medias/sys_master/root1/20250923/GPRq/68d1d1e88bfb9009ac26fcee/fixocra_multicoloured_men_pack_of_3_printed_regular_trunks.jpg,346,Comfortable regular-fit trunks in soft breathable fabric for all-day wear.,https://www.ajio.com/fixocra-men-pack-of-3-printed-regular-trunks/p/702299023_multi,multi,Men
FIXOCRA Men Pack of 3 Printed Trunks,₹2599,Clothing,Trunks,https://assets.ajio.com/medias/sys_master/root1/20250922/7dPJ/68d14b798bfb9009ac24cfb3/fixocra_sea_green_men_pack_of_3_printed_trunks.jpg,272,Comfortable regular-fit trunks in soft breathable fabric for all-day wear.,https://www.ajio.com/fixocra-men-pack-of-3-printed-trunks/p/702296315_seagreen,seagreen,Men
Marks & Spencer Pack of 3 Geometric Print Pure Cotton Boxers,₹9999,Clothing,Boxers,https://assets.ajio.com/medias/sys_master/root/20240229/bczx/65e0a4e805ac7d77bb8a1e0e/marks_%26_spencer_navy_blue_pack_of_3_geometric_print_pure_cotton_boxers.jpg,363,Comfortable boxers in breathable fabric — ideal for everyday wear.,https://www.ajio.com/marks--spencer-pack-of-3-geometric-print-pure-cotton-boxers/p/469597696_darknavy,darknavy,Men
NVR Set of 2 Beaded Rakhis Set,₹2399,Clothing,Rakhis,https://assets.ajio.com/medias/sys_master/root/20250412/a1Cz/67f9986d55340d4b4fcc2814/nvr_pink_set_of_2_beaded_rakhis_set.jpg,347,Beautiful rakhi crafted with care — perfect for celebrating the special bond of siblings.,https://www.ajio.com/nvr-set-of-2-beaded-rakhis-set/p/701426743_pink,pink,Men
NVR Men Set of 2 Rakhis with Roli Chawal & Chocolates,₹2399,Clothing,Rakhis,https://assets.ajio.com/medias/sys_master/root/20250408/JuzR/67f4fde755340d4b4fbc76ba/nvr_blue_men_set_of_2_rakhis_with_roli_chawal_%26_chocolates.jpg,152,Beautiful rakhi crafted with care — perfect for celebrating the special bond of siblings.,https://www.ajio.com/nvr-men-set-of-2-rakhis-with-roli-chawal--chocolates/p/701426743_turquoise,turquoise,Men
NVR Set of 2 Beaded Rakhis Set,₹2399,Clothing,Rakhis,https://assets.ajio.com/medias/sys_master/root/20250412/QRBL/67f9985955340d4b4fcc2579/nvr_multicoloured_set_of_2_beaded_rakhis_set.jpg,326,Beautiful rakhi crafted with care — perfect for celebrating the special bond of siblings.,https://www.ajio.com/nvr-set-of-2-beaded-rakhis-set/p/701426743_brown,brown,Men
NVR Set of 2 Artificial Stones and Beads Rakhi Set,₹2399,Clothing,Rakhis,https://assets.ajio.com/medias/sys_master/root/20250408/UGRq/67f4fe067a6cd4182fb4b4e2/nvr_blue__set_of_2_artificial_stones_and_beads_rakhi_set.jpg,237,Beautiful rakhi crafted with care — perfect for celebrating the special bond of siblings.,https://www.ajio.com/nvr--set-of-2-artificial-stones-and-beads-rakhi-set-/p/701426743_teal,teal,Men
Fabula Men Beaded Classic Chain,₹2399,Clothing,Chains,https://assets.ajio.com/medias/sys_master/root/20250714/IzY5/687525b1e590ff066e530bb3/fabula_black_men_beaded_classic_chain.jpg,160,Lightweight plated chain with smooth clasp closure — ideal for daily wear.,https://www.ajio.com/fabula-men-beaded-classic-chain/p/701945871_black,black,Men
Oomph Men Cocktail Ring,₹2499,Clothing,Rings,https://assets.ajio.com/medias/sys_master/root1/20250716/3lIw/6876c2c56034bf77f0ad42a7/oomph_gold_men_cocktail_ring.jpg,304,Statement ring with unique design — a standout accessory for any look.,https://www.ajio.com/oomph-men-cocktail-ring/p/701953999_gold,gold,Men
NVR Artificial Beads Set of 2 Bhaiya Bhabhi Rakhi With Roli Chawal & Chocolate,₹2399,Clothing,Rakhis,https://assets.ajio.com/medias/sys_master/root/20250409/TRe6/67f57b397a6cd4182fb6e706/nvr_multi__artificial_beads_set_of_2_bhaiya_bhabhi_rakhi_with_roli_chawal_%26_chocolate.jpg,254,Beautiful rakhi crafted with care — perfect for celebrating the special bond of siblings.,https://www.ajio.com/nvr--artificial-beads-set-of-2-bhaiya-bhabhi-rakhi-with-roli-chawal--chocolate/p/701426743_white,white,Men
Urban Hug Pack of 3 Printed Boxers with Elasticated Waist,₹7299,Clothing,Boxers,https://assets.ajio.com/medias/sys_master/root/20210316/XOfI/6050cb0eaeb269698187eb20/urban_hug_multicoloured_pack_of_3_printed_boxers_with_elasticated_waist.jpg,165,Comfortable boxers in breathable fabric — ideal for everyday wear.,https://www.ajio.com/urban-hug-pack-of-3-printed-boxers-with-elasticated-waist/p/460788771_multi,multi,Men
